path_no,o_zone_id,d_zone_id,node_sequence,link_sequence,geometry,Path_Flows
1,1,4,1;3;4;,2;6;,"LINESTRING (-96.770420 43.612828, -96.774303 43.572962, -96.747168 43.563654)",500.0
2,1,5,1;3;4;5;,2;6;9;,"LINESTRING (-96.770420 43.612828, -96.774303 43.572962, -96.747168 43.563654, -96.731569 43.564034)",200.0
3,1,6,1;2;6;,1;4;,"LINESTRING (-96.770420 43.612828, -96.711251 43.605813, -96.711644 43.587586)",300.0
4,1,7,1;2;6;8;7;,1;4;16;20;,"LINESTRING (-96.770420 43.612828, -96.711251 43.605813, -96.711644 43.587586, -96.711382 43.562324, -96.693423 43.563844)",40.02800750732422
5,1,7,1;3;4;5;9;8;7;,2;6;9;13;24;20;,"LINESTRING (-96.770420 43.612828, -96.774303 43.572962, -96.747168 43.563654, -96.731569 43.564034, -96.731241 43.548596, -96.711382 43.562324, -96.693423 43.563844)",15.586714744567871
6,1,7,1;2;6;8;16;18;7;,1;4;16;22;50;54;,"LINESTRING (-96.770420 43.612828, -96.711251 43.605813, -96.711644 43.587586, -96.711382 43.562324, -96.711382 43.546744, -96.694078 43.546744, -96.693423 43.563844)",444.3852844238281
7,1,8,1;2;6;8;,1;4;16;,"LINESTRING (-96.770420 43.612828, -96.711251 43.605813, -96.711644 43.587586, -96.711382 43.562324)",87.15030670166016
8,1,8,1;3;4;5;9;8;,2;6;9;13;24;,"LINESTRING (-96.770420 43.612828, -96.774303 43.572962, -96.747168 43.563654, -96.731569 43.564034, -96.731241 43.548596, -96.711382 43.562324)",712.8496704101562
9,1,9,1;3;4;5;9;,2;6;9;13;,"LINESTRING (-96.770420 43.612828, -96.774303 43.572962, -96.747168 43.563654, -96.731569 43.564034, -96.731241 43.548596)",24.105865478515625
10,1,9,1;3;12;11;10;9;,2;7;36;32;26;,"LINESTRING (-96.770420 43.612828, -96.774303 43.572962, -96.780137 43.543941, -96.746841 43.544131, -96.731438 43.545271, -96.731241 43.548596)",475.8941345214844
11,1,10,1;3;4;11;10;,2;6;10;32;,"LINESTRING (-96.770420 43.612828, -96.774303 43.572962, -96.747168 43.563654, -96.746841 43.544131, -96.731438 43.545271)",46.31339645385742
12,1,10,1;3;4;5;9;10;,2;6;9;13;25;,"LINESTRING (-96.770420 43.612828, -96.774303 43.572962, -96.747168 43.563654, -96.731569 43.564034, -96.731241 43.548596, -96.731438 43.545271)",85.23377227783203
13,1,10,1;3;12;11;10;,2;7;36;32;,"LINESTRING (-96.770420 43.612828, -96.774303 43.572962, -96.780137 43.543941, -96.746841 43.544131, -96.731438 43.545271)",1168.452880859375
14,1,11,1;3;4;11;,2;6;10;,"LINESTRING (-96.770420 43.612828, -96.774303 43.572962, -96.747168 43.563654, -96.746841 43.544131)",59.623233795166016
15,1,11,1;3;12;11;,2;7;36;,"LINESTRING (-96.770420 43.612828, -96.774303 43.572962, -96.780137 43.543941, -96.746841 43.544131)",440.37677001953125
16,1,12,1;3;12;,2;7;,"LINESTRING (-96.770420 43.612828, -96.774303 43.572962, -96.780137 43.543941)",200.0
17,1,13,1;3;12;13;,2;7;37;,"LINESTRING (-96.770420 43.612828, -96.774303 43.572962, -96.780137 43.543941, -96.793377 43.490707)",500.0
18,1,14,1;3;4;11;14;,2;6;10;34;,"LINESTRING (-96.770420 43.612828, -96.774303 43.572962, -96.747168 43.563654, -96.746841 43.544131, -96.751035 43.529306)",81.02801513671875
19,1,14,1;3;12;11;14;,2;7;36;34;,"LINESTRING (-96.770420 43.612828, -96.774303 43.572962, -96.780137 43.543941, -96.746841 43.544131, -96.751035 43.529306)",48.43250274658203
20,1,14,1;3;12;13;24;23;14;,2;7;37;39;76;71;,"LINESTRING (-96.770420 43.612828, -96.774303 43.572962, -96.780137 43.543941, -96.793377 43.490707, -96.749200 43.503164, -96.750904 43.514858, -96.751035 43.529306)",170.53948974609375
21,1,15,1;3;4;11;10;15;,2;6;10;32;28;,"LINESTRING (-96.770420 43.612828, -96.774303 43.572962, -96.747168 43.563654, -96.746841 43.544131, -96.731438 43.545271, -96.731504 43.529401)",57.98715591430664
22,1,15,1;3;4;5;9;10;15;,2;6;9;13;25;28;,"LINESTRING (-96.770420 43.612828, -96.774303 43.572962, -96.747168 43.563654, -96.731569 43.564034, -96.731241 43.548596, -96.731438 43.545271, -96.731504 43.529401)",2.8584096431732178
23,1,15,1;3;4;11;14;15;,2;6;10;34;41;,"LINESTRING (-96.770420 43.612828, -96.774303 43.572962, -96.747168 43.563654, -96.746841 43.544131, -96.751035 43.529306, -96.731504 43.529401)",68.69061279296875
24,1,15,1;3;12;11;14;15;,2;7;36;34;41;,"LINESTRING (-96.770420 43.612828, -96.774303 43.572962, -96.780137 43.543941, -96.746841 43.544131, -96.751035 43.529306, -96.731504 43.529401)",370.46380615234375
25,1,16,1;2;6;8;16;,1;4;16;22;,"LINESTRING (-96.770420 43.612828, -96.711251 43.605813, -96.711644 43.587586, -96.711382 43.562324, -96.711382 43.546744)",97.91596221923828
26,1,16,1;2;6;8;7;18;16;,1;4;16;20;18;55;,"LINESTRING (-96.770420 43.612828, -96.711251 43.605813, -96.711644 43.587586, -96.711382 43.562324, -96.693423 43.563844, -96.694078 43.546744, -96.711382 43.546744)",74.00506591796875
27,1,16,1;3;4;5;9;8;7;18;16;,2;6;9;13;24;20;18;55;,"LINESTRING (-96.770420 43.612828, -96.774303 43.572962, -96.747168 43.563654, -96.731569 43.564034, -96.731241 43.548596, -96.711382 43.562324, -96.693423 43.563844, -96.694078 43.546744, -96.711382 43.546744)",328.0789794921875
28,1,17,1;3;4;11;10;17;,2;6;10;32;30;,"LINESTRING (-96.770420 43.612828, -96.774303 43.572962, -96.747168 43.563654, -96.746841 43.544131, -96.731438 43.545271, -96.711382 43.541280)",75.9473648071289
29,1,17,1;3;4;5;9;10;17;,2;6;9;13;25;30;,"LINESTRING (-96.770420 43.612828, -96.774303 43.572962, -96.747168 43.563654, -96.731569 43.564034, -96.731241 43.548596, -96.731438 43.545271, -96.711382 43.541280)",55.1361198425293
30,1,17,1;2;6;8;16;17;,1;4;16;22;49;,"LINESTRING (-96.770420 43.612828, -96.711251 43.605813, -96.711644 43.587586, -96.711382 43.562324, -96.711382 43.546744, -96.711382 43.541280)",268.91650390625
31,1,18,1;2;6;8;7;18;,1;4;16;20;18;,"LINESTRING (-96.770420 43.612828, -96.711251 43.605813, -96.711644 43.587586, -96.711382 43.562324, -96.693423 43.563844, -96.694078 43.546744)",91.81573486328125
32,1,18,1;3;4;5;9;8;7;18;,2;6;9;13;24;20;18;,"LINESTRING (-96.770420 43.612828, -96.774303 43.572962, -96.747168 43.563654, -96.731569 43.564034, -96.731241 43.548596, -96.711382 43.562324, -96.693423 43.563844, -96.694078 43.546744)",77.4187240600586
33,1,18,1;2;6;8;16;18;,1;4;16;22;50;,"LINESTRING (-96.770420 43.612828, -96.711251 43.605813, -96.711644 43.587586, -96.711382 43.562324, -96.711382 43.546744, -96.694078 43.546744)",0.0
34,1,19,1;3;4;11;10;15;19;,2;6;10;32;28;45;,"LINESTRING (-96.770420 43.612828, -96.774303 43.572962, -96.747168 43.563654, -96.746841 43.544131, -96.731438 43.545271, -96.731504 43.529401, -96.711316 43.529591)",0.6316738724708557
35,1,19,1;3;4;5;9;10;15;19;,2;6;9;13;25;28;45;,"LINESTRING (-96.770420 43.612828, -96.774303 43.572962, -96.747168 43.563654, -96.731569 43.564034, -96.731241 43.548596, -96.731438 43.545271, -96.731504 43.529401, -96.711316 43.529591)",67.81102752685547
36,1,19,1;2;6;8;16;17;19;,1;4;16;22;49;53;,"LINESTRING (-96.770420 43.612828, -96.711251 43.605813, -96.711644 43.587586, -96.711382 43.562324, -96.711382 43.546744, -96.711382 43.541280, -96.711316 43.529591)",75.11676788330078
37,1,19,1;3;12;11;14;15;19;,2;7;36;34;41;45;,"LINESTRING (-96.770420 43.612828, -96.774303 43.572962, -96.780137 43.543941, -96.746841 43.544131, -96.751035 43.529306, -96.731504 43.529401, -96.711316 43.529591)",156.44052124023438
38,1,20,1;2;6;8;7;18;20;,1;4;16;20;18;56;,"LINESTRING (-96.770420 43.612828, -96.711251 43.605813, -96.711644 43.587586, -96.711382 43.562324, -96.693423 43.563844, -96.694078 43.546744, -96.711185 43.515333)",60.86147689819336
39,1,20,1;3;4;5;9;8;7;18;20;,2;6;9;13;24;20;18;56;,"LINESTRING (-96.770420 43.612828, -96.774303 43.572962, -96.747168 43.563654, -96.731569 43.564034, -96.731241 43.548596, -96.711382 43.562324, -96.693423 43.563844, -96.694078 43.546744, -96.711185 43.515333)",84.21305084228516
40,1,20,1;2;6;8;16;18;20;,1;4;16;22;50;56;,"LINESTRING (-96.770420 43.612828, -96.711251 43.605813, -96.711644 43.587586, -96.711382 43.562324, -96.711382 43.546744, -96.694078 43.546744, -96.711185 43.515333)",97.9271011352539
41,1,20,1;3;4;5;9;10;15;19;20;,2;6;9;13;25;28;45;59;,"LINESTRING (-96.770420 43.612828, -96.774303 43.572962, -96.747168 43.563654, -96.731569 43.564034, -96.731241 43.548596, -96.731438 43.545271, -96.731504 43.529401, -96.711316 43.529591, -96.711185 43.515333)",56.998382568359375
42,1,21,1;3;12;13;24;21;,2;7;37;39;75;,"LINESTRING (-96.770420 43.612828, -96.774303 43.572962, -96.780137 43.543941, -96.793377 43.490707, -96.749200 43.503164, -96.730979 43.510485)",81.56918334960938
43,1,21,1;3;4;5;9;10;15;19;20;21;,2;6;9;13;25;28;45;59;62;,"LINESTRING (-96.770420 43.612828, -96.774303 43.572962, -96.747168 43.563654, -96.731569 43.564034, -96.731241 43.548596, -96.731438 43.545271, -96.731504 43.529401, -96.711316 43.529591, -96.711185 43.515333, -96.730979 43.510485)",18.430816650390625
44,1,22,1;3;12;11;14;15;22;,2;7;36;34;41;46;,"LINESTRING (-96.770420 43.612828, -96.774303 43.572962, -96.780137 43.543941, -96.746841 43.544131, -96.751035 43.529306, -96.731504 43.529401, -96.731241 43.514858)",15.775158882141113
45,1,22,1;3;12;13;24;21;22;,2;7;37;39;75;65;,"LINESTRING (-96.770420 43.612828, -96.774303 43.572962, -96.780137 43.543941, -96.793377 43.490707, -96.749200 43.503164, -96.730979 43.510485, -96.731241 43.514858)",88.53841400146484
46,1,22,1;3;12;13;24;23;22;,2;7;37;39;76;72;,"LINESTRING (-96.770420 43.612828, -96.774303 43.572962, -96.780137 43.543941, -96.793377 43.490707, -96.749200 43.503164, -96.750904 43.514858, -96.731241 43.514858)",295.6864318847656
47,1,23,1;3;12;11;14;23;,2;7;36;34;42;,"LINESTRING (-96.770420 43.612828, -96.774303 43.572962, -96.780137 43.543941, -96.746841 43.544131, -96.751035 43.529306, -96.750904 43.514858)",70.39022827148438
48,1,23,1;3;12;13;24;23;,2;7;37;39;76;,"LINESTRING (-96.770420 43.612828, -96.774303 43.572962, -96.780137 43.543941, -96.793377 43.490707, -96.749200 43.503164, -96.750904 43.514858)",229.60977172851562
49,1,24,1;3;12;13;24;,2;7;37;39;,"LINESTRING (-96.770420 43.612828, -96.774303 43.572962, -96.780137 43.543941, -96.793377 43.490707, -96.749200 43.503164)",100.0
50,2,3,2;1;3;,3;2;,"LINESTRING (-96.711251 43.605813, -96.770420 43.612828, -96.774303 43.572962)",100.0
51,2,4,2;1;3;4;,3;2;6;,"LINESTRING (-96.711251 43.605813, -96.770420 43.612828, -96.774303 43.572962, -96.747168 43.563654)",8.677996635437012
52,2,4,2;6;5;4;,4;15;11;,"LINESTRING (-96.711251 43.605813, -96.711644 43.587586, -96.731569 43.564034, -96.747168 43.563654)",191.32200622558594
53,2,5,2;1;3;4;5;,3;2;6;9;,"LINESTRING (-96.711251 43.605813, -96.770420 43.612828, -96.774303 43.572962, -96.747168 43.563654, -96.731569 43.564034)",83.3966293334961
54,2,5,2;6;5;,4;15;,"LINESTRING (-96.711251 43.605813, -96.711644 43.587586, -96.731569 43.564034)",16.603370666503906
55,2,7,2;6;8;7;,4;16;20;,"LINESTRING (-96.711251 43.605813, -96.711644 43.587586, -96.711382 43.562324, -96.693423 43.563844)",9.320396423339844
56,2,7,2;1;3;4;5;9;8;7;,3;2;6;9;13;24;20;,"LINESTRING (-96.711251 43.605813, -96.770420 43.612828, -96.774303 43.572962, -96.747168 43.563654, -96.731569 43.564034, -96.731241 43.548596, -96.711382 43.562324, -96.693423 43.563844)",51.88224792480469
57,2,7,2;6;8;16;18;7;,4;16;22;50;54;,"LINESTRING (-96.711251 43.605813, -96.711644 43.587586, -96.711382 43.562324, -96.711382 43.546744, -96.694078 43.546744, -96.693423 43.563844)",138.79736328125
58,2,8,2;6;8;,4;16;,"LINESTRING (-96.711251 43.605813, -96.711644 43.587586, -96.711382 43.562324)",95.9813003540039
59,2,8,2;1;3;4;5;9;8;,3;2;6;9;13;24;,"LINESTRING (-96.711251 43.605813, -96.770420 43.612828, -96.774303 43.572962, -96.747168 43.563654, -96.731569 43.564034, -96.731241 43.548596, -96.711382 43.562324)",304.0187072753906
60,2,9,2;1;3;4;5;9;,3;2;6;9;13;,"LINESTRING (-96.711251 43.605813, -96.770420 43.612828, -96.774303 43.572962, -96.747168 43.563654, -96.731569 43.564034, -96.731241 43.548596)",78.58179473876953
61,2,9,2;6;5;9;,4;15;13;,"LINESTRING (-96.711251 43.605813, -96.711644 43.587586, -96.731569 43.564034, -96.731241 43.548596)",121.41820526123047
62,2,10,2;1;3;4;11;10;,3;2;6;10;32;,"LINESTRING (-96.711251 43.605813, -96.770420 43.612828, -96.774303 43.572962, -96.747168 43.563654, -96.746841 43.544131, -96.731438 43.545271)",18.29447364807129
63,2,10,2;1;3;4;5;9;10;,3;2;6;9;13;25;,"LINESTRING (-96.711251 43.605813, -96.770420 43.612828, -96.774303 43.572962, -96.747168 43.563654, -96.731569 43.564034, -96.731241 43.548596, -96.731438 43.545271)",58.23670959472656
64,2,10,2;6;5;9;10;,4;15;13;25;,"LINESTRING (-96.711251 43.605813, -96.711644 43.587586, -96.731569 43.564034, -96.731241 43.548596, -96.731438 43.545271)",99.50174713134766
65,2,10,2;1;3;12;11;10;,3;2;7;36;32;,"LINESTRING (-96.711251 43.605813, -96.770420 43.612828, -96.774303 43.572962, -96.780137 43.543941, -96.746841 43.544131, -96.731438 43.545271)",93.13990020751953
66,2,10,2;6;8;16;10;,4;16;22;48;,"LINESTRING (-96.711251 43.605813, -96.711644 43.587586, -96.711382 43.562324, -96.711382 43.546744, -96.731438 43.545271)",330.8271789550781
67,2,11,2;1;3;4;11;,3;2;6;10;,"LINESTRING (-96.711251 43.605813, -96.770420 43.612828, -96.774303 43.572962, -96.747168 43.563654, -96.746841 43.544131)",67.04005432128906
68,2,11,2;6;5;4;11;,4;15;11;10;,"LINESTRING (-96.711251 43.605813, -96.711644 43.587586, -96.731569 43.564034, -96.747168 43.563654, -96.746841 43.544131)",38.382415771484375
69,2,11,2;1;3;12;11;,3;2;7;36;,"LINESTRING (-96.711251 43.605813, -96.770420 43.612828, -96.774303 43.572962, -96.780137 43.543941, -96.746841 43.544131)",94.57752990722656
70,2,12,2;1;3;12;,3;2;7;,"LINESTRING (-96.711251 43.605813, -96.770420 43.612828, -96.774303 43.572962, -96.780137 43.543941)",100.0
71,2,13,2;1;3;12;13;,3;2;7;37;,"LINESTRING (-96.711251 43.605813, -96.770420 43.612828, -96.774303 43.572962, -96.780137 43.543941, -96.793377 43.490707)",300.0
72,2,14,2;1;3;4;11;14;,3;2;6;10;34;,"LINESTRING (-96.711251 43.605813, -96.770420 43.612828, -96.774303 43.572962, -96.747168 43.563654, -96.746841 43.544131, -96.751035 43.529306)",43.71805191040039
73,2,14,2;6;5;4;11;14;,4;15;11;10;34;,"LINESTRING (-96.711251 43.605813, -96.711644 43.587586, -96.731569 43.564034, -96.747168 43.563654, -96.746841 43.544131, -96.751035 43.529306)",5.091437339782715
74,2,14,2;1;3;12;11;14;,3;2;7;36;34;,"LINESTRING (-96.711251 43.605813, -96.770420 43.612828, -96.774303 43.572962, -96.780137 43.543941, -96.746841 43.544131, -96.751035 43.529306)",4.17967414855957
75,2,14,2;1;3;12;13;24;23;14;,3;2;7;37;39;76;71;,"LINESTRING (-96.711251 43.605813, -96.770420 43.612828, -96.774303 43.572962, -96.780137 43.543941, -96.793377 43.490707, -96.749200 43.503164, -96.750904 43.514858, -96.751035 43.529306)",47.010833740234375
76,2,15,2;1;3;4;11;10;15;,3;2;6;10;32;28;,"LINESTRING (-96.711251 43.605813, -96.770420 43.612828, -96.774303 43.572962, -96.747168 43.563654, -96.746841 43.544131, -96.731438 43.545271, -96.731504 43.529401)",66.03271484375
77,2,15,2;1;3;4;5;9;10;15;,3;2;6;9;13;25;28;,"LINESTRING (-96.711251 43.605813, -96.770420 43.612828, -96.774303 43.572962, -96.747168 43.563654, -96.731569 43.564034, -96.731241 43.548596, -96.731438 43.545271, -96.731504 43.529401)",55.22832489013672
78,2,15,2;6;5;9;10;15;,4;15;13;25;28;,"LINESTRING (-96.711251 43.605813, -96.711644 43.587586, -96.731569 43.564034, -96.731241 43.548596, -96.731438 43.545271, -96.731504 43.529401)",53.67818832397461
79,2,15,2;1;3;12;11;14;15;,3;2;7;36;34;41;,"LINESTRING (-96.711251 43.605813, -96.770420 43.612828, -96.774303 43.572962, -96.780137 43.543941, -96.746841 43.544131, -96.751035 43.529306, -96.731504 43.529401)",37.72018051147461
80,2,15,2;6;8;16;17;19;15;,4;16;22;49;53;57;,"LINESTRING (-96.711251 43.605813, -96.711644 43.587586, -96.711382 43.562324, -96.711382 43.546744, -96.711382 43.541280, -96.711316 43.529591, -96.731504 43.529401)",7.439452171325684
81,2,15,2;6;8;7;18;20;21;22;15;,4;16;20;18;56;62;65;67;,"LINESTRING (-96.711251 43.605813, -96.711644 43.587586, -96.711382 43.562324, -96.693423 43.563844, -96.694078 43.546744, -96.711185 43.515333, -96.730979 43.510485, -96.731241 43.514858, -96.731504 43.529401)",0.0
82,2,16,2;6;8;16;,4;16;22;,"LINESTRING (-96.711251 43.605813, -96.711644 43.587586, -96.711382 43.562324, -96.711382 43.546744)",89.10924530029297
83,2,16,2;6;8;7;18;16;,4;16;20;18;55;,"LINESTRING (-96.711251 43.605813, -96.711644 43.587586, -96.711382 43.562324, -96.693423 43.563844, -96.694078 43.546744, -96.711382 43.546744)",34.20082092285156
84,2,16,2;1;3;4;5;9;8;7;18;16;,3;2;6;9;13;24;20;18;55;,"LINESTRING (-96.711251 43.605813, -96.770420 43.612828, -96.774303 43.572962, -96.747168 43.563654, -96.731569 43.564034, -96.731241 43.548596, -96.711382 43.562324, -96.693423 43.563844, -96.694078 43.546744, -96.711382 43.546744)",276.68994140625
85,2,17,2;1;3;4;5;9;10;17;,3;2;6;9;13;25;30;,"LINESTRING (-96.711251 43.605813, -96.770420 43.612828, -96.774303 43.572962, -96.747168 43.563654, -96.731569 43.564034, -96.731241 43.548596, -96.731438 43.545271, -96.711382 43.541280)",35.71318817138672
86,2,17,2;6;5;9;10;17;,4;15;13;25;30;,"LINESTRING (-96.711251 43.605813, -96.711644 43.587586, -96.731569 43.564034, -96.731241 43.548596, -96.731438 43.545271, -96.711382 43.541280)",26.0235538482666
87,2,17,2;6;8;16;17;,4;16;22;49;,"LINESTRING (-96.711251 43.605813, -96.711644 43.587586, -96.711382 43.562324, -96.711382 43.546744, -96.711382 43.541280)",20.793636322021484
88,2,17,2;6;8;7;18;16;17;,4;16;20;18;55;49;,"LINESTRING (-96.711251 43.605813, -96.711644 43.587586, -96.711382 43.562324, -96.693423 43.563844, -96.694078 43.546744, -96.711382 43.546744, -96.711382 43.541280)",117.46961975097656
89,2,19,2;1;3;4;11;10;15;19;,3;2;6;10;32;28;45;,"LINESTRING (-96.711251 43.605813, -96.770420 43.612828, -96.774303 43.572962, -96.747168 43.563654, -96.746841 43.544131, -96.731438 43.545271, -96.731504 43.529401, -96.711316 43.529591)",43.223785400390625
90,2,19,2;1;3;4;5;9;10;15;19;,3;2;6;9;13;25;28;45;,"LINESTRING (-96.711251 43.605813, -96.770420 43.612828, -96.774303 43.572962, -96.747168 43.563654, -96.731569 43.564034, -96.731241 43.548596, -96.731438 43.545271, -96.731504 43.529401, -96.711316 43.529591)",90.50706481933594
91,2,19,2;6;5;9;10;15;19;,4;15;13;25;28;45;,"LINESTRING (-96.711251 43.605813, -96.711644 43.587586, -96.731569 43.564034, -96.731241 43.548596, -96.731438 43.545271, -96.731504 43.529401, -96.711316 43.529591)",89.91547393798828
92,2,19,2;6;8;16;17;19;,4;16;22;49;53;,"LINESTRING (-96.711251 43.605813, -96.711644 43.587586, -96.711382 43.562324, -96.711382 43.546744, -96.711382 43.541280, -96.711316 43.529591)",57.20032501220703
93,2,19,2;6;8;7;18;20;19;,4;16;20;18;56;61;,"LINESTRING (-96.711251 43.605813, -96.711644 43.587586, -96.711382 43.562324, -96.693423 43.563844, -96.694078 43.546744, -96.711185 43.515333, -96.711316 43.529591)",76.19022369384766
94,2,19,2;6;8;16;18;20;19;,4;16;22;50;56;61;,"LINESTRING (-96.711251 43.605813, -96.711644 43.587586, -96.711382 43.562324, -96.711382 43.546744, -96.694078 43.546744, -96.711185 43.515333, -96.711316 43.529591)",68.43193817138672
95,2,19,2;6;8;7;18;20;21;22;15;19;,4;16;20;18;56;62;65;67;45;,"LINESTRING (-96.711251 43.605813, -96.711644 43.587586, -96.711382 43.562324, -96.693423 43.563844, -96.694078 43.546744, -96.711185 43.515333, -96.730979 43.510485, -96.731241 43.514858, -96.731504 43.529401, -96.711316 43.529591)",0.0
96,2,20,2;6;8;7;18;20;,4;16;20;18;56;,"LINESTRING (-96.711251 43.605813, -96.711644 43.587586, -96.711382 43.562324, -96.693423 43.563844, -96.694078 43.546744, -96.711185 43.515333)",63.687110900878906
97,2,20,2;6;8;16;18;20;,4;16;22;50;56;,"LINESTRING (-96.711251 43.605813, -96.711644 43.587586, -96.711382 43.562324, -96.711382 43.546744, -96.694078 43.546744, -96.711185 43.515333)",87.69157409667969
98,2,20,2;1;3;4;5;9;10;15;19;20;,3;2;6;9;13;25;28;45;59;,"LINESTRING (-96.711251 43.605813, -96.770420 43.612828, -96.774303 43.572962, -96.747168 43.563654, -96.731569 43.564034, -96.731241 43.548596, -96.731438 43.545271, -96.731504 43.529401, -96.711316 43.529591, -96.711185 43.515333)",0.0
99,2,22,2;1;3;12;11;14;15;22;,3;2;7;36;34;41;46;,"LINESTRING (-96.711251 43.605813, -96.770420 43.612828, -96.774303 43.572962, -96.780137 43.543941, -96.746841 43.544131, -96.751035 43.529306, -96.731504 43.529401, -96.731241 43.514858)",82.93644714355469
100,2,22,2;6;8;7;18;20;22;,4;16;20;18;56;63;,"LINESTRING (-96.711251 43.605813, -96.711644 43.587586, -96.711382 43.562324, -96.693423 43.563844, -96.694078 43.546744, -96.711185 43.515333, -96.731241 43.514858)",35.07176208496094
101,2,22,2;1;3;12;13;24;21;22;,3;2;7;37;39;75;65;,"LINESTRING (-96.711251 43.605813, -96.770420 43.612828, -96.774303 43.572962, -96.780137 43.543941, -96.793377 43.490707, -96.749200 43.503164, -96.730979 43.510485, -96.731241 43.514858)",74.93755340576172
102,2,22,2;1;3;12;13;24;23;22;,3;2;7;37;39;76;72;,"LINESTRING (-96.711251 43.605813, -96.770420 43.612828, -96.774303 43.572962, -96.780137 43.543941, -96.793377 43.490707, -96.749200 43.503164, -96.750904 43.514858, -96.731241 43.514858)",22.278451919555664
103,2,22,2;6;8;7;18;20;21;22;,4;16;20;18;56;62;65;,"LINESTRING (-96.711251 43.605813, -96.711644 43.587586, -96.711382 43.562324, -96.693423 43.563844, -96.694078 43.546744, -96.711185 43.515333, -96.730979 43.510485, -96.731241 43.514858)",0.0
104,3,2,3;1;2;,5;1;,"LINESTRING (-96.774303 43.572962, -96.770420 43.612828, -96.711251 43.605813)",100.0
105,3,5,3;4;5;,6;9;,"LINESTRING (-96.774303 43.572962, -96.747168 43.563654, -96.731569 43.564034)",100.0
106,3,6,3;1;2;6;,5;1;4;,"LINESTRING (-96.774303 43.572962, -96.770420 43.612828, -96.711251 43.605813, -96.711644 43.587586)",36.998069763183594
107,3,6,3;4;5;6;,6;9;12;,"LINESTRING (-96.774303 43.572962, -96.747168 43.563654, -96.731569 43.564034, -96.711644 43.587586)",263.0019226074219
108,3,7,3;1;2;6;8;7;,5;1;4;16;20;,"LINESTRING (-96.774303 43.572962, -96.770420 43.612828, -96.711251 43.605813, -96.711644 43.587586, -96.711382 43.562324, -96.693423 43.563844)",46.23442077636719
109,3,7,3;4;5;6;8;7;,6;9;12;16;20;,"LINESTRING (-96.774303 43.572962, -96.747168 43.563654, -96.731569 43.564034, -96.711644 43.587586, -96.711382 43.562324, -96.693423 43.563844)",25.306690216064453
110,3,7,3;4;5;9;8;7;,6;9;13;24;20;,"LINESTRING (-96.774303 43.572962, -96.747168 43.563654, -96.731569 43.564034, -96.731241 43.548596, -96.711382 43.562324, -96.693423 43.563844)",36.379188537597656
111,3,7,3;1;2;6;8;16;18;7;,5;1;4;16;22;50;54;,"LINESTRING (-96.774303 43.572962, -96.770420 43.612828, -96.711251 43.605813, -96.711644 43.587586, -96.711382 43.562324, -96.711382 43.546744, -96.694078 43.546744, -96.693423 43.563844)",0.0
112,3,8,3;1;2;6;8;,5;1;4;16;,"LINESTRING (-96.774303 43.572962, -96.770420 43.612828, -96.711251 43.605813, -96.711644 43.587586, -96.711382 43.562324)",77.82110595703125
113,3,8,3;4;5;6;8;,6;9;12;16;,"LINESTRING (-96.774303 43.572962, -96.747168 43.563654, -96.731569 43.564034, -96.711644 43.587586, -96.711382 43.562324)",19.624862670898438
114,3,8,3;4;5;9;8;,6;9;13;24;,"LINESTRING (-96.774303 43.572962, -96.747168 43.563654, -96.731569 43.564034, -96.731241 43.548596, -96.711382 43.562324)",102.55403137207031
115,3,9,3;4;5;9;,6;9;13;,"LINESTRING (-96.774303 43.572962, -96.747168 43.563654, -96.731569 43.564034, -96.731241 43.548596)",65.46669006347656
116,3,9,3;12;11;10;9;,7;36;32;26;,"LINESTRING (-96.774303 43.572962, -96.780137 43.543941, -96.746841 43.544131, -96.731438 43.545271, -96.731241 43.548596)",34.53330993652344
117,3,10,3;4;11;10;,6;10;32;,"LINESTRING (-96.774303 43.572962, -96.747168 43.563654, -96.746841 43.544131, -96.731438 43.545271)",89.82527923583984
118,3,10,3;4;5;9;10;,6;9;13;25;,"LINESTRING (-96.774303 43.572962, -96.747168 43.563654, -96.731569 43.564034, -96.731241 43.548596, -96.731438 43.545271)",24.879030227661133
119,3,10,3;12;11;10;,7;36;32;,"LINESTRING (-96.774303 43.572962, -96.780137 43.543941, -96.746841 43.544131, -96.731438 43.545271)",185.29568481445312
120,3,11,3;4;11;,6;10;,"LINESTRING (-96.774303 43.572962, -96.747168 43.563654, -96.746841 43.544131)",84.3344497680664
121,3,11,3;12;11;,7;36;,"LINESTRING (-96.774303 43.572962, -96.780137 43.543941, -96.746841 43.544131)",215.66555786132812
122,3,13,3;12;13;,7;37;,"LINESTRING (-96.774303 43.572962, -96.780137 43.543941, -96.793377 43.490707)",100.0
123,3,14,3;4;11;14;,6;10;34;,"LINESTRING (-96.774303 43.572962, -96.747168 43.563654, -96.746841 43.544131, -96.751035 43.529306)",92.15532684326172
124,3,14,3;12;11;14;,7;36;34;,"LINESTRING (-96.774303 43.572962, -96.780137 43.543941, -96.746841 43.544131, -96.751035 43.529306)",18.242216110229492
125,3,14,3;12;13;24;23;14;,7;37;39;76;71;,"LINESTRING (-96.774303 43.572962, -96.780137 43.543941, -96.793377 43.490707, -96.749200 43.503164, -96.750904 43.514858, -96.751035 43.529306)",0.0
126,3,15,3;4;11;10;15;,6;10;32;28;,"LINESTRING (-96.774303 43.572962, -96.747168 43.563654, -96.746841 43.544131, -96.731438 43.545271, -96.731504 43.529401)",71.85359954833984
127,3,15,3;4;5;9;10;15;,6;9;13;25;28;,"LINESTRING (-96.774303 43.572962, -96.747168 43.563654, -96.731569 43.564034, -96.731241 43.548596, -96.731438 43.545271, -96.731504 43.529401)",37.22705078125
128,3,15,3;4;11;14;15;,6;10;34;41;,"LINESTRING (-96.774303 43.572962, -96.747168 43.563654, -96.746841 43.544131, -96.751035 43.529306, -96.731504 43.529401)",31.994016647338867
129,3,15,3;12;11;14;15;,7;36;34;41;,"LINESTRING (-96.774303 43.572962, -96.780137 43.543941, -96.746841 43.544131, -96.751035 43.529306, -96.731504 43.529401)",0.0
130,3,16,3;1;2;6;8;16;,5;1;4;16;22;,"LINESTRING (-96.774303 43.572962, -96.770420 43.612828, -96.711251 43.605813, -96.711644 43.587586, -96.711382 43.562324, -96.711382 43.546744)",80.08328247070312
131,3,16,3;4;5;6;8;16;,6;9;12;16;22;,"LINESTRING (-96.774303 43.572962, -96.747168 43.563654, -96.731569 43.564034, -96.711644 43.587586, -96.711382 43.562324, -96.711382 43.546744)",58.35105895996094
132,3,16,3;4;5;9;8;16;,6;9;13;24;22;,"LINESTRING (-96.774303 43.572962, -96.747168 43.563654, -96.731569 43.564034, -96.731241 43.548596, -96.711382 43.562324, -96.711382 43.546744)",37.29972839355469
133,3,16,3;1;2;6;8;7;18;16;,5;1;4;16;20;18;55;,"LINESTRING (-96.774303 43.572962, -96.770420 43.612828, -96.711251 43.605813, -96.711644 43.587586, -96.711382 43.562324, -96.693423 43.563844, -96.694078 43.546744, -96.711382 43.546744)",28.461856842041016
134,3,16,3;4;5;6;8;7;18;16;,6;9;12;16;20;18;55;,"LINESTRING (-96.774303 43.572962, -96.747168 43.563654, -96.731569 43.564034, -96.711644 43.587586, -96.711382 43.562324, -96.693423 43.563844, -96.694078 43.546744, -96.711382 43.546744)",82.10778045654297
135,3,16,3;4;5;9;8;7;18;16;,6;9;13;24;20;18;55;,"LINESTRING (-96.774303 43.572962, -96.747168 43.563654, -96.731569 43.564034, -96.731241 43.548596, -96.711382 43.562324, -96.693423 43.563844, -96.694078 43.546744, -96.711382 43.546744)",0.0
136,3,17,3;4;11;10;17;,6;10;32;30;,"LINESTRING (-96.774303 43.572962, -96.747168 43.563654, -96.746841 43.544131, -96.731438 43.545271, -96.711382 43.541280)",46.45502471923828
137,3,17,3;4;5;9;10;17;,6;9;13;25;30;,"LINESTRING (-96.774303 43.572962, -96.747168 43.563654, -96.731569 43.564034, -96.731241 43.548596, -96.731438 43.545271, -96.711382 43.541280)",81.43238830566406
138,3,17,3;1;2;6;8;16;17;,5;1;4;16;22;49;,"LINESTRING (-96.774303 43.572962, -96.770420 43.612828, -96.711251 43.605813, -96.711644 43.587586, -96.711382 43.562324, -96.711382 43.546744, -96.711382 43.541280)",8.583572387695312
139,3,17,3;4;5;6;8;16;17;,6;9;12;16;22;49;,"LINESTRING (-96.774303 43.572962, -96.747168 43.563654, -96.731569 43.564034, -96.711644 43.587586, -96.711382 43.562324, -96.711382 43.546744, -96.711382 43.541280)",0.0
140,3,22,3;12;11;14;15;22;,7;36;34;41;46;,"LINESTRING (-96.774303 43.572962, -96.780137 43.543941, -96.746841 43.544131, -96.751035 43.529306, -96.731504 43.529401, -96.731241 43.514858)",58.34730529785156
141,3,22,3;12;13;24;21;22;,7;37;39;75;65;,"LINESTRING (-96.774303 43.572962, -96.780137 43.543941, -96.793377 43.490707, -96.749200 43.503164, -96.730979 43.510485, -96.731241 43.514858)",5.050416469573975
142,3,22,3;12;13;24;23;22;,7;37;39;76;72;,"LINESTRING (-96.774303 43.572962, -96.780137 43.543941, -96.793377 43.490707, -96.749200 43.503164, -96.750904 43.514858, -96.731241 43.514858)",36.60227966308594
143,3,23,3;12;11;14;23;,7;36;34;42;,"LINESTRING (-96.774303 43.572962, -96.780137 43.543941, -96.746841 43.544131, -96.751035 43.529306, -96.750904 43.514858)",10.201004028320312
144,3,23,3;12;13;24;23;,7;37;39;76;,"LINESTRING (-96.774303 43.572962, -96.780137 43.543941, -96.793377 43.490707, -96.749200 43.503164, -96.750904 43.514858)",89.79899597167969
145,4,1,4;3;1;,8;5;,"LINESTRING (-96.747168 43.563654, -96.774303 43.572962, -96.770420 43.612828)",500.0
146,4,2,4;3;1;2;,8;5;1;,"LINESTRING (-96.747168 43.563654, -96.774303 43.572962, -96.770420 43.612828, -96.711251 43.605813)",91.94892883300781
147,4,2,4;5;6;2;,9;12;14;,"LINESTRING (-96.747168 43.563654, -96.731569 43.564034, -96.711644 43.587586, -96.711251 43.605813)",108.05107116699219
148,4,6,4;5;6;,9;12;,"LINESTRING (-96.747168 43.563654, -96.731569 43.564034, -96.711644 43.587586)",400.0
149,4,7,4;5;6;8;7;,9;12;16;20;,"LINESTRING (-96.747168 43.563654, -96.731569 43.564034, -96.711644 43.587586, -96.711382 43.562324, -96.693423 43.563844)",27.461759567260742
150,4,7,4;5;9;8;7;,9;13;24;20;,"LINESTRING (-96.747168 43.563654, -96.731569 43.564034, -96.731241 43.548596, -96.711382 43.562324, -96.693423 43.563844)",31.502723693847656
151,4,7,4;5;6;8;16;18;7;,9;12;16;22;50;54;,"LINESTRING (-96.747168 43.563654, -96.731569 43.564034, -96.711644 43.587586, -96.711382 43.562324, -96.711382 43.546744, -96.694078 43.546744, -96.693423 43.563844)",341.0355224609375
152,4,8,4;5;6;8;,9;12;16;,"LINESTRING (-96.747168 43.563654, -96.731569 43.564034, -96.711644 43.587586, -96.711382 43.562324)",18.80397605895996
153,4,8,4;5;9;8;,9;13;24;,"LINESTRING (-96.747168 43.563654, -96.731569 43.564034, -96.731241 43.548596, -96.711382 43.562324)",681.196044921875
154,4,9,4;5;9;,9;13;,"LINESTRING (-96.747168 43.563654, -96.731569 43.564034, -96.731241 43.548596)",700.0
155,4,10,4;11;10;,10;32;,"LINESTRING (-96.747168 43.563654, -96.746841 43.544131, -96.731438 43.545271)",23.507564544677734
156,4,10,4;5;9;10;,9;13;25;,"LINESTRING (-96.747168 43.563654, -96.731569 43.564034, -96.731241 43.548596, -96.731438 43.545271)",91.08607482910156
157,4,10,4;3;12;11;10;,8;7;36;32;,"LINESTRING (-96.747168 43.563654, -96.774303 43.572962, -96.780137 43.543941, -96.746841 43.544131, -96.731438 43.545271)",1085.4063720703125
158,4,11,4;3;12;11;,8;7;36;,"LINESTRING (-96.747168 43.563654, -96.774303 43.572962, -96.780137 43.543941, -96.746841 43.544131)",0.0
159,4,12,4;3;12;,8;7;,"LINESTRING (-96.747168 43.563654, -96.774303 43.572962, -96.780137 43.543941)",600.0
160,4,13,4;3;12;13;,8;7;37;,"LINESTRING (-96.747168 43.563654, -96.774303 43.572962, -96.780137 43.543941, -96.793377 43.490707)",600.0
161,4,14,4;11;14;,10;34;,"LINESTRING (-96.747168 43.563654, -96.746841 43.544131, -96.751035 43.529306)",7.9751057624816895
162,4,14,4;3;12;11;14;,8;7;36;34;,"LINESTRING (-96.747168 43.563654, -96.774303 43.572962, -96.780137 43.543941, -96.746841 43.544131, -96.751035 43.529306)",17.724390029907227
163,4,14,4;5;9;10;15;14;,9;13;25;28;44;,"LINESTRING (-96.747168 43.563654, -96.731569 43.564034, -96.731241 43.548596, -96.731438 43.545271, -96.731504 43.529401, -96.751035 43.529306)",62.435264587402344
164,4,14,4;3;12;13;24;23;14;,8;7;37;39;76;71;,"LINESTRING (-96.747168 43.563654, -96.774303 43.572962, -96.780137 43.543941, -96.793377 43.490707, -96.749200 43.503164, -96.750904 43.514858, -96.751035 43.529306)",411.865234375
165,4,15,4;11;10;15;,10;32;28;,"LINESTRING (-96.747168 43.563654, -96.746841 43.544131, -96.731438 43.545271, -96.731504 43.529401)",85.70993041992188
166,4,15,4;5;9;10;15;,9;13;25;28;,"LINESTRING (-96.747168 43.563654, -96.731569 43.564034, -96.731241 43.548596, -96.731438 43.545271, -96.731504 43.529401)",39.366424560546875
167,4,15,4;11;14;15;,10;34;41;,"LINESTRING (-96.747168 43.563654, -96.746841 43.544131, -96.751035 43.529306, -96.731504 43.529401)",21.530906677246094
168,4,15,4;3;12;11;14;15;,8;7;36;34;41;,"LINESTRING (-96.747168 43.563654, -96.774303 43.572962, -96.780137 43.543941, -96.746841 43.544131, -96.751035 43.529306, -96.731504 43.529401)",353.3927307128906
169,4,16,4;5;6;8;16;,9;12;16;22;,"LINESTRING (-96.747168 43.563654, -96.731569 43.564034, -96.711644 43.587586, -96.711382 43.562324, -96.711382 43.546744)",27.1751708984375
170,4,16,4;5;9;8;16;,9;13;24;22;,"LINESTRING (-96.747168 43.563654, -96.731569 43.564034, -96.731241 43.548596, -96.711382 43.562324, -96.711382 43.546744)",8.146760940551758
171,4,16,4;5;6;8;7;18;16;,9;12;16;20;18;55;,"LINESTRING (-96.747168 43.563654, -96.731569 43.564034, -96.711644 43.587586, -96.711382 43.562324, -96.693423 43.563844, -96.694078 43.546744, -96.711382 43.546744)",48.48938751220703
172,4,16,4;5;9;8;7;18;16;,9;13;24;20;18;55;,"LINESTRING (-96.747168 43.563654, -96.731569 43.564034, -96.731241 43.548596, -96.711382 43.562324, -96.693423 43.563844, -96.694078 43.546744, -96.711382 43.546744)",716.1886596679688
173,4,17,4;11;10;17;,10;32;30;,"LINESTRING (-96.747168 43.563654, -96.746841 43.544131, -96.731438 43.545271, -96.711382 43.541280)",51.779808044433594
174,4,17,4;5;9;10;17;,9;13;25;30;,"LINESTRING (-96.747168 43.563654, -96.731569 43.564034, -96.731241 43.548596, -96.731438 43.545271, -96.711382 43.541280)",35.127262115478516
175,4,17,4;5;6;8;16;17;,9;12;16;22;49;,"LINESTRING (-96.747168 43.563654, -96.731569 43.564034, -96.711644 43.587586, -96.711382 43.562324, -96.711382 43.546744, -96.711382 43.541280)",413.0929260253906
176,4,18,4;5;6;8;7;18;,9;12;16;20;18;,"LINESTRING (-96.747168 43.563654, -96.731569 43.564034, -96.711644 43.587586, -96.711382 43.562324, -96.693423 43.563844, -96.694078 43.546744)",22.304302215576172
177,4,18,4;5;9;8;7;18;,9;13;24;20;18;,"LINESTRING (-96.747168 43.563654, -96.731569 43.564034, -96.731241 43.548596, -96.711382 43.562324, -96.693423 43.563844, -96.694078 43.546744)",89.17186737060547
178,4,18,4;5;6;8;16;18;,9;12;16;22;50;,"LINESTRING (-96.747168 43.563654, -96.731569 43.564034, -96.711644 43.587586, -96.711382 43.562324, -96.711382 43.546744, -96.694078 43.546744)",0.0
179,4,19,4;11;10;15;19;,10;32;28;45;,"LINESTRING (-96.747168 43.563654, -96.746841 43.544131, -96.731438 43.545271, -96.731504 43.529401, -96.711316 43.529591)",54.051307678222656
180,4,19,4;5;9;10;15;19;,9;13;25;28;45;,"LINESTRING (-96.747168 43.563654, -96.731569 43.564034, -96.731241 43.548596, -96.731438 43.545271, -96.731504 43.529401, -96.711316 43.529591)",98.43514251708984
181,4,19,4;5;6;8;16;17;19;,9;12;16;22;49;53;,"LINESTRING (-96.747168 43.563654, -96.731569 43.564034, -96.711644 43.587586, -96.711382 43.562324, -96.711382 43.546744, -96.711382 43.541280, -96.711316 43.529591)",95.02366638183594
182,4,19,4;3;12;11;14;15;19;,8;7;36;34;41;45;,"LINESTRING (-96.747168 43.563654, -96.774303 43.572962, -96.780137 43.543941, -96.746841 43.544131, -96.751035 43.529306, -96.731504 43.529401, -96.711316 43.529591)",0.0
183,4,20,4;5;6;8;7;18;20;,9;12;16;20;18;56;,"LINESTRING (-96.747168 43.563654, -96.731569 43.564034, -96.711644 43.587586, -96.711382 43.562324, -96.693423 43.563844, -96.694078 43.546744, -96.711185 43.515333)",94.71578979492188
184,4,20,4;5;9;8;7;18;20;,9;13;24;20;18;56;,"LINESTRING (-96.747168 43.563654, -96.731569 43.564034, -96.731241 43.548596, -96.711382 43.562324, -96.693423 43.563844, -96.694078 43.546744, -96.711185 43.515333)",2.352848768234253
185,4,20,4;5;6;8;16;18;20;,9;12;16;22;50;56;,"LINESTRING (-96.747168 43.563654, -96.731569 43.564034, -96.711644 43.587586, -96.711382 43.562324, -96.711382 43.546744, -96.694078 43.546744, -96.711185 43.515333)",71.50559997558594
186,4,20,4;5;9;10;15;19;20;,9;13;25;28;45;59;,"LINESTRING (-96.747168 43.563654, -96.731569 43.564034, -96.731241 43.548596, -96.731438 43.545271, -96.731504 43.529401, -96.711316 43.529591, -96.711185 43.515333)",131.42575073242188
187,4,21,4;3;12;13;24;21;,8;7;37;39;75;,"LINESTRING (-96.747168 43.563654, -96.774303 43.572962, -96.780137 43.543941, -96.793377 43.490707, -96.749200 43.503164, -96.730979 43.510485)",50.21977233886719
188,4,21,4;5;9;10;15;19;20;21;,9;13;25;28;45;59;62;,"LINESTRING (-96.747168 43.563654, -96.731569 43.564034, -96.731241 43.548596, -96.731438 43.545271, -96.731504 43.529401, -96.711316 43.529591, -96.711185 43.515333, -96.730979 43.510485)",149.7802276611328
189,4,22,4;11;10;15;22;,10;32;28;46;,"LINESTRING (-96.747168 43.563654, -96.746841 43.544131, -96.731438 43.545271, -96.731504 43.529401, -96.731241 43.514858)",5.822352886199951
190,4,22,4;5;9;10;15;22;,9;13;25;28;46;,"LINESTRING (-96.747168 43.563654, -96.731569 43.564034, -96.731241 43.548596, -96.731438 43.545271, -96.731504 43.529401, -96.731241 43.514858)",72.10214233398438
191,4,22,4;11;14;15;22;,10;34;41;46;,"LINESTRING (-96.747168 43.563654, -96.746841 43.544131, -96.751035 43.529306, -96.731504 43.529401, -96.731241 43.514858)",69.3036880493164
192,4,22,4;3;12;11;14;15;22;,8;7;36;34;41;46;,"LINESTRING (-96.747168 43.563654, -96.774303 43.572962, -96.780137 43.543941, -96.746841 43.544131, -96.751035 43.529306, -96.731504 43.529401, -96.731241 43.514858)",5.0987091064453125
193,4,22,4;3;12;13;24;21;22;,8;7;37;39;75;65;,"LINESTRING (-96.747168 43.563654, -96.774303 43.572962, -96.780137 43.543941, -96.793377 43.490707, -96.749200 43.503164, -96.730979 43.510485, -96.731241 43.514858)",78.92353820800781
194,4,22,4;3;12;13;24;23;22;,8;7;37;39;76;72;,"LINESTRING (-96.747168 43.563654, -96.774303 43.572962, -96.780137 43.543941, -96.793377 43.490707, -96.749200 43.503164, -96.750904 43.514858, -96.731241 43.514858)",9.769461631774902
195,4,22,4;5;9;10;15;19;20;22;,9;13;25;28;45;59;63;,"LINESTRING (-96.747168 43.563654, -96.731569 43.564034, -96.731241 43.548596, -96.731438 43.545271, -96.731504 43.529401, -96.711316 43.529591, -96.711185 43.515333, -96.731241 43.514858)",158.98011779785156
196,4,23,4;11;14;23;,10;34;42;,"LINESTRING (-96.747168 43.563654, -96.746841 43.544131, -96.751035 43.529306, -96.750904 43.514858)",7.536725044250488
197,4,23,4;3;12;11;14;23;,8;7;36;34;42;,"LINESTRING (-96.747168 43.563654, -96.774303 43.572962, -96.780137 43.543941, -96.746841 43.544131, -96.751035 43.529306, -96.750904 43.514858)",55.448612213134766
198,4,23,4;3;12;13;24;23;,8;7;37;39;76;,"LINESTRING (-96.747168 43.563654, -96.774303 43.572962, -96.780137 43.543941, -96.793377 43.490707, -96.749200 43.503164, -96.750904 43.514858)",437.0146484375
199,4,24,4;3;12;13;24;,8;7;37;39;,"LINESTRING (-96.747168 43.563654, -96.774303 43.572962, -96.780137 43.543941, -96.793377 43.490707, -96.749200 43.503164)",200.0
200,5,1,5;4;3;1;,11;8;5;,"LINESTRING (-96.731569 43.564034, -96.747168 43.563654, -96.774303 43.572962, -96.770420 43.612828)",200.0
201,5,2,5;4;3;1;2;,11;8;5;1;,"LINESTRING (-96.731569 43.564034, -96.747168 43.563654, -96.774303 43.572962, -96.770420 43.612828, -96.711251 43.605813)",35.279319763183594
202,5,2,5;6;2;,12;14;,"LINESTRING (-96.731569 43.564034, -96.711644 43.587586, -96.711251 43.605813)",64.7206802368164
203,5,3,5;4;3;,11;8;,"LINESTRING (-96.731569 43.564034, -96.747168 43.563654, -96.774303 43.572962)",100.0
204,5,7,5;6;8;7;,12;16;20;,"LINESTRING (-96.731569 43.564034, -96.711644 43.587586, -96.711382 43.562324, -96.693423 43.563844)",87.16016387939453
205,5,7,5;9;8;7;,13;24;20;,"LINESTRING (-96.731569 43.564034, -96.731241 43.548596, -96.711382 43.562324, -96.693423 43.563844)",83.23503875732422
206,5,7,5;6;8;16;18;7;,12;16;22;50;54;,"LINESTRING (-96.731569 43.564034, -96.711644 43.587586, -96.711382 43.562324, -96.711382 43.546744, -96.694078 43.546744, -96.693423 43.563844)",29.60479736328125
207,5,8,5;6;8;,12;16;,"LINESTRING (-96.731569 43.564034, -96.711644 43.587586, -96.711382 43.562324)",35.51659393310547
208,5,8,5;9;8;,13;24;,"LINESTRING (-96.731569 43.564034, -96.731241 43.548596, -96.711382 43.562324)",464.4833984375
209,5,10,5;9;10;,13;25;,"LINESTRING (-96.731569 43.564034, -96.731241 43.548596, -96.731438 43.545271)",44.630619049072266
210,5,10,5;4;3;12;11;10;,11;8;7;36;32;,"LINESTRING (-96.731569 43.564034, -96.747168 43.563654, -96.774303 43.572962, -96.780137 43.543941, -96.746841 43.544131, -96.731438 43.545271)",955.369384765625
211,5,11,5;4;11;,11;10;,"LINESTRING (-96.731569 43.564034, -96.747168 43.563654, -96.746841 43.544131)",51.329132080078125
212,5,11,5;4;3;12;11;,11;8;7;36;,"LINESTRING (-96.731569 43.564034, -96.747168 43.563654, -96.774303 43.572962, -96.780137 43.543941, -96.746841 43.544131)",448.6708679199219
213,5,12,5;4;3;12;,11;8;7;,"LINESTRING (-96.731569 43.564034, -96.747168 43.563654, -96.774303 43.572962, -96.780137 43.543941)",200.0
214,5,13,5;4;3;12;13;,11;8;7;37;,"LINESTRING (-96.731569 43.564034, -96.747168 43.563654, -96.774303 43.572962, -96.780137 43.543941, -96.793377 43.490707)",200.0
215,5,14,5;4;11;14;,11;10;34;,"LINESTRING (-96.731569 43.564034, -96.747168 43.563654, -96.746841 43.544131, -96.751035 43.529306)",9.699394226074219
216,5,14,5;4;3;12;11;14;,11;8;7;36;34;,"LINESTRING (-96.731569 43.564034, -96.747168 43.563654, -96.774303 43.572962, -96.780137 43.543941, -96.746841 43.544131, -96.751035 43.529306)",80.86062622070312
217,5,14,5;9;10;15;14;,13;25;28;44;,"LINESTRING (-96.731569 43.564034, -96.731241 43.548596, -96.731438 43.545271, -96.731504 43.529401, -96.751035 43.529306)",70.17910766601562
218,5,14,5;4;3;12;13;24;23;14;,11;8;7;37;39;76;71;,"LINESTRING (-96.731569 43.564034, -96.747168 43.563654, -96.774303 43.572962, -96.780137 43.543941, -96.793377 43.490707, -96.749200 43.503164, -96.750904 43.514858, -96.751035 43.529306)",0.0
219,5,15,5;9;10;15;,13;25;28;,"LINESTRING (-96.731569 43.564034, -96.731241 43.548596, -96.731438 43.545271, -96.731504 43.529401)",7.785828113555908
220,5,15,5;4;3;12;11;14;15;,11;8;7;36;34;41;,"LINESTRING (-96.731569 43.564034, -96.747168 43.563654, -96.774303 43.572962, -96.780137 43.543941, -96.746841 43.544131, -96.751035 43.529306, -96.731504 43.529401)",192.21417236328125
221,5,16,5;6;8;16;,12;16;22;,"LINESTRING (-96.731569 43.564034, -96.711644 43.587586, -96.711382 43.562324, -96.711382 43.546744)",86.38452911376953
222,5,16,5;9;8;16;,13;24;22;,"LINESTRING (-96.731569 43.564034, -96.731241 43.548596, -96.711382 43.562324, -96.711382 43.546744)",15.563128471374512
223,5,16,5;6;8;7;18;16;,12;16;20;18;55;,"LINESTRING (-96.731569 43.564034, -96.711644 43.587586, -96.711382 43.562324, -96.693423 43.563844, -96.694078 43.546744, -96.711382 43.546744)",90.13360595703125
224,5,16,5;9;8;7;18;16;,13;24;20;18;55;,"LINESTRING (-96.731569 43.564034, -96.731241 43.548596, -96.711382 43.562324, -96.693423 43.563844, -96.694078 43.546744, -96.711382 43.546744)",307.9188232421875
225,5,17,5;9;10;17;,13;25;30;,"LINESTRING (-96.731569 43.564034, -96.731241 43.548596, -96.731438 43.545271, -96.711382 43.541280)",71.50637817382812
226,5,17,5;6;8;16;17;,12;16;22;49;,"LINESTRING (-96.731569 43.564034, -96.711644 43.587586, -96.711382 43.562324, -96.711382 43.546744, -96.711382 43.541280)",128.49362182617188
227,5,19,5;9;10;15;19;,13;25;28;45;,"LINESTRING (-96.731569 43.564034, -96.731241 43.548596, -96.731438 43.545271, -96.731504 43.529401, -96.711316 43.529591)",84.05117797851562
228,5,19,5;6;8;16;17;19;,12;16;22;49;53;,"LINESTRING (-96.731569 43.564034, -96.711644 43.587586, -96.711382 43.562324, -96.711382 43.546744, -96.711382 43.541280, -96.711316 43.529591)",15.948822021484375
229,5,20,5;6;8;7;18;20;,12;16;20;18;56;,"LINESTRING (-96.731569 43.564034, -96.711644 43.587586, -96.711382 43.562324, -96.693423 43.563844, -96.694078 43.546744, -96.711185 43.515333)",62.8077392578125
230,5,20,5;9;8;7;18;20;,13;24;20;18;56;,"LINESTRING (-96.731569 43.564034, -96.731241 43.548596, -96.711382 43.562324, -96.693423 43.563844, -96.694078 43.546744, -96.711185 43.515333)",47.395233154296875
231,5,20,5;6;8;16;18;20;,12;16;22;50;56;,"LINESTRING (-96.731569 43.564034, -96.711644 43.587586, -96.711382 43.562324, -96.711382 43.546744, -96.694078 43.546744, -96.711185 43.515333)",24.03482437133789
232,5,20,5;9;10;15;19;20;,13;25;28;45;59;,"LINESTRING (-96.731569 43.564034, -96.731241 43.548596, -96.731438 43.545271, -96.731504 43.529401, -96.711316 43.529591, -96.711185 43.515333)",0.0
233,5,21,5;4;3;12;13;24;21;,11;8;7;37;39;75;,"LINESTRING (-96.731569 43.564034, -96.747168 43.563654, -96.774303 43.572962, -96.780137 43.543941, -96.793377 43.490707, -96.749200 43.503164, -96.730979 43.510485)",52.790653228759766
234,5,21,5;9;10;15;22;21;,13;25;28;46;69;,"LINESTRING (-96.731569 43.564034, -96.731241 43.548596, -96.731438 43.545271, -96.731504 43.529401, -96.731241 43.514858, -96.730979 43.510485)",99.04955291748047
235,5,21,5;6;8;7;18;20;21;,12;16;20;18;56;62;,"LINESTRING (-96.731569 43.564034, -96.711644 43.587586, -96.711382 43.562324, -96.693423 43.563844, -96.694078 43.546744, -96.711185 43.515333, -96.730979 43.510485)",54.35184097290039
236,5,21,5;9;10;15;19;20;21;,13;25;28;45;59;62;,"LINESTRING (-96.731569 43.564034, -96.731241 43.548596, -96.731438 43.545271, -96.731504 43.529401, -96.711316 43.529591, -96.711185 43.515333, -96.730979 43.510485)",0.0
237,5,22,5;9;10;15;22;,13;25;28;46;,"LINESTRING (-96.731569 43.564034, -96.731241 43.548596, -96.731438 43.545271, -96.731504 43.529401, -96.731241 43.514858)",14.251505851745605
238,5,22,5;4;3;12;11;14;15;22;,11;8;7;36;34;41;46;,"LINESTRING (-96.731569 43.564034, -96.747168 43.563654, -96.774303 43.572962, -96.780137 43.543941, -96.746841 43.544131, -96.751035 43.529306, -96.731504 43.529401, -96.731241 43.514858)",75.79080963134766
239,5,22,5;9;10;15;19;20;22;,13;25;28;45;59;63;,"LINESTRING (-96.731569 43.564034, -96.731241 43.548596, -96.731438 43.545271, -96.731504 43.529401, -96.711316 43.529591, -96.711185 43.515333, -96.731241 43.514858)",80.99259185791016
240,5,22,5;6;8;7;18;20;21;22;,12;16;20;18;56;62;65;,"LINESTRING (-96.731569 43.564034, -96.711644 43.587586, -96.711382 43.562324, -96.693423 43.563844, -96.694078 43.546744, -96.711185 43.515333, -96.730979 43.510485, -96.731241 43.514858)",28.965087890625
241,5,23,5;4;11;14;23;,11;10;34;42;,"LINESTRING (-96.731569 43.564034, -96.747168 43.563654, -96.746841 43.544131, -96.751035 43.529306, -96.750904 43.514858)",44.63768768310547
242,5,23,5;4;3;12;11;14;23;,11;8;7;36;34;42;,"LINESTRING (-96.731569 43.564034, -96.747168 43.563654, -96.774303 43.572962, -96.780137 43.543941, -96.746841 43.544131, -96.751035 43.529306, -96.750904 43.514858)",16.855764389038086
243,5,23,5;4;3;12;13;24;23;,11;8;7;37;39;76;,"LINESTRING (-96.731569 43.564034, -96.747168 43.563654, -96.774303 43.572962, -96.780137 43.543941, -96.793377 43.490707, -96.749200 43.503164, -96.750904 43.514858)",38.50654602050781
244,6,1,6;2;1;,14;3;,"LINESTRING (-96.711644 43.587586, -96.711251 43.605813, -96.770420 43.612828)",300.0
245,6,3,6;2;1;3;,14;3;2;,"LINESTRING (-96.711644 43.587586, -96.711251 43.605813, -96.770420 43.612828, -96.774303 43.572962)",67.24443054199219
246,6,3,6;5;4;3;,15;11;8;,"LINESTRING (-96.711644 43.587586, -96.731569 43.564034, -96.747168 43.563654, -96.774303 43.572962)",232.7555694580078
247,6,4,6;5;4;,15;11;,"LINESTRING (-96.711644 43.587586, -96.731569 43.564034, -96.747168 43.563654)",400.0
248,6,7,6;8;7;,16;20;,"LINESTRING (-96.711644 43.587586, -96.711382 43.562324, -96.693423 43.563844)",19.1817569732666
249,6,7,6;5;9;8;7;,15;13;24;20;,"LINESTRING (-96.711644 43.587586, -96.731569 43.564034, -96.731241 43.548596, -96.711382 43.562324, -96.693423 43.563844)",53.044227600097656
250,6,7,6;8;16;18;7;,16;22;50;54;,"LINESTRING (-96.711644 43.587586, -96.711382 43.562324, -96.711382 43.546744, -96.694078 43.546744, -96.693423 43.563844)",327.7740173339844
251,6,8,6;5;9;8;,15;13;24;,"LINESTRING (-96.711644 43.587586, -96.731569 43.564034, -96.731241 43.548596, -96.711382 43.562324)",0.0
252,6,9,6;5;9;,15;13;,"LINESTRING (-96.711644 43.587586, -96.731569 43.564034, -96.731241 43.548596)",400.0
253,6,10,6;5;9;10;,15;13;25;,"LINESTRING (-96.711644 43.587586, -96.731569 43.564034, -96.731241 43.548596, -96.731438 43.545271)",2.268773078918457
254,6,10,6;8;16;10;,16;22;48;,"LINESTRING (-96.711644 43.587586, -96.711382 43.562324, -96.711382 43.546744, -96.731438 43.545271)",32.010189056396484
255,6,10,6;2;1;3;12;11;10;,14;3;2;7;36;32;,"LINESTRING (-96.711644 43.587586, -96.711251 43.605813, -96.770420 43.612828, -96.774303 43.572962, -96.780137 43.543941, -96.746841 43.544131, -96.731438 43.545271)",765.7210693359375
256,6,11,6;5;4;11;,15;11;10;,"LINESTRING (-96.711644 43.587586, -96.731569 43.564034, -96.747168 43.563654, -96.746841 43.544131)",32.834716796875
257,6,11,6;2;1;3;12;11;,14;3;2;7;36;,"LINESTRING (-96.711644 43.587586, -96.711251 43.605813, -96.770420 43.612828, -96.774303 43.572962, -96.780137 43.543941, -96.746841 43.544131)",99.41482543945312
258,6,11,6;5;4;3;12;11;,15;11;8;7;36;,"LINESTRING (-96.711644 43.587586, -96.731569 43.564034, -96.747168 43.563654, -96.774303 43.572962, -96.780137 43.543941, -96.746841 43.544131)",267.7504577636719
259,6,12,6;2;1;3;12;,14;3;2;7;,"LINESTRING (-96.711644 43.587586, -96.711251 43.605813, -96.770420 43.612828, -96.774303 43.572962, -96.780137 43.543941)",87.28487396240234
260,6,12,6;5;4;3;12;,15;11;8;7;,"LINESTRING (-96.711644 43.587586, -96.731569 43.564034, -96.747168 43.563654, -96.774303 43.572962, -96.780137 43.543941)",112.71512603759766
261,6,13,6;2;1;3;12;13;,14;3;2;7;37;,"LINESTRING (-96.711644 43.587586, -96.711251 43.605813, -96.770420 43.612828, -96.774303 43.572962, -96.780137 43.543941, -96.793377 43.490707)",4.079554557800293
262,6,13,6;5;4;3;12;13;,15;11;8;7;37;,"LINESTRING (-96.711644 43.587586, -96.731569 43.564034, -96.747168 43.563654, -96.774303 43.572962, -96.780137 43.543941, -96.793377 43.490707)",195.92044067382812
263,6,14,6;5;4;11;14;,15;11;10;34;,"LINESTRING (-96.711644 43.587586, -96.731569 43.564034, -96.747168 43.563654, -96.746841 43.544131, -96.751035 43.529306)",91.42179107666016
264,6,14,6;2;1;3;12;11;14;,14;3;2;7;36;34;,"LINESTRING (-96.711644 43.587586, -96.711251 43.605813, -96.770420 43.612828, -96.774303 43.572962, -96.780137 43.543941, -96.746841 43.544131, -96.751035 43.529306)",22.743621826171875
265,6,14,6;5;4;3;12;11;14;,15;11;8;7;36;34;,"LINESTRING (-96.711644 43.587586, -96.731569 43.564034, -96.747168 43.563654, -96.774303 43.572962, -96.780137 43.543941, -96.746841 43.544131, -96.751035 43.529306)",63.18838119506836
266,6,14,6;5;9;10;15;14;,15;13;25;28;44;,"LINESTRING (-96.711644 43.587586, -96.731569 43.564034, -96.731241 43.548596, -96.731438 43.545271, -96.731504 43.529401, -96.751035 43.529306)",72.8586196899414
267,6,14,6;5;4;3;12;13;24;23;14;,15;11;8;7;37;39;76;71;,"LINESTRING (-96.711644 43.587586, -96.731569 43.564034, -96.747168 43.563654, -96.774303 43.572962, -96.780137 43.543941, -96.793377 43.490707, -96.749200 43.503164, -96.750904 43.514858, -96.751035 43.529306)",54.851646423339844
268,6,14,6;8;7;18;20;21;24;23;14;,16;20;18;56;62;66;76;71;,"LINESTRING (-96.711644 43.587586, -96.711382 43.562324, -96.693423 43.563844, -96.694078 43.546744, -96.711185 43.515333, -96.730979 43.510485, -96.749200 43.503164, -96.750904 43.514858, -96.751035 43.529306)",0.0
269,6,15,6;5;9;10;15;,15;13;25;28;,"LINESTRING (-96.711644 43.587586, -96.731569 43.564034, -96.731241 43.548596, -96.731438 43.545271, -96.731504 43.529401)",93.34564971923828
270,6,15,6;8;16;17;19;15;,16;22;49;53;57;,"LINESTRING (-96.711644 43.587586, -96.711382 43.562324, -96.711382 43.546744, -96.711382 43.541280, -96.711316 43.529591, -96.731504 43.529401)",40.15163040161133
271,6,15,6;8;7;18;20;21;22;15;,16;20;18;56;62;65;67;,"LINESTRING (-96.711644 43.587586, -96.711382 43.562324, -96.693423 43.563844, -96.694078 43.546744, -96.711185 43.515333, -96.730979 43.510485, -96.731241 43.514858, -96.731504 43.529401)",66.50271606445312
272,6,16,6;8;16;,16;22;,"LINESTRING (-96.711644 43.587586, -96.711382 43.562324, -96.711382 43.546744)",8.368953704833984
273,6,16,6;8;7;18;16;,16;20;18;55;,"LINESTRING (-96.711644 43.587586, -96.711382 43.562324, -96.693423 43.563844, -96.694078 43.546744, -96.711382 43.546744)",54.61516571044922
274,6,16,6;5;9;8;7;18;16;,15;13;24;20;18;55;,"LINESTRING (-96.711644 43.587586, -96.731569 43.564034, -96.731241 43.548596, -96.711382 43.562324, -96.693423 43.563844, -96.694078 43.546744, -96.711382 43.546744)",837.015869140625
275,6,17,6;5;9;10;17;,15;13;25;30;,"LINESTRING (-96.711644 43.587586, -96.731569 43.564034, -96.731241 43.548596, -96.731438 43.545271, -96.711382 43.541280)",16.47175407409668
276,6,17,6;8;16;17;,16;22;49;,"LINESTRING (-96.711644 43.587586, -96.711382 43.562324, -96.711382 43.546744, -96.711382 43.541280)",33.344539642333984
277,6,17,6;8;7;18;16;17;,16;20;18;55;49;,"LINESTRING (-96.711644 43.587586, -96.711382 43.562324, -96.693423 43.563844, -96.694078 43.546744, -96.711382 43.546744, -96.711382 43.541280)",450.1837158203125
278,6,18,6;8;7;18;,16;20;18;,"LINESTRING (-96.711644 43.587586, -96.711382 43.562324, -96.693423 43.563844, -96.694078 43.546744)",38.91695785522461
279,6,18,6;8;16;18;,16;22;50;,"LINESTRING (-96.711644 43.587586, -96.711382 43.562324, -96.711382 43.546744, -96.694078 43.546744)",33.98443603515625
280,6,18,6;5;9;8;7;18;,15;13;24;20;18;,"LINESTRING (-96.711644 43.587586, -96.731569 43.564034, -96.731241 43.548596, -96.711382 43.562324, -96.693423 43.563844, -96.694078 43.546744)",27.098602294921875
281,6,19,6;5;9;10;15;19;,15;13;25;28;45;,"LINESTRING (-96.711644 43.587586, -96.731569 43.564034, -96.731241 43.548596, -96.731438 43.545271, -96.731504 43.529401, -96.711316 43.529591)",59.08409118652344
282,6,19,6;8;16;17;19;,16;22;49;53;,"LINESTRING (-96.711644 43.587586, -96.711382 43.562324, -96.711382 43.546744, -96.711382 43.541280, -96.711316 43.529591)",25.945554733276367
283,6,19,6;8;7;18;20;19;,16;20;18;56;61;,"LINESTRING (-96.711644 43.587586, -96.711382 43.562324, -96.693423 43.563844, -96.694078 43.546744, -96.711185 43.515333, -96.711316 43.529591)",62.239959716796875
284,6,19,6;8;16;18;20;19;,16;22;50;56;61;,"LINESTRING (-96.711644 43.587586, -96.711382 43.562324, -96.711382 43.546744, -96.694078 43.546744, -96.711185 43.515333, -96.711316 43.529591)",92.30350494384766
285,6,19,6;8;7;18;20;21;22;15;19;,16;20;18;56;62;65;67;45;,"LINESTRING (-96.711644 43.587586, -96.711382 43.562324, -96.693423 43.563844, -96.694078 43.546744, -96.711185 43.515333, -96.730979 43.510485, -96.731241 43.514858, -96.731504 43.529401, -96.711316 43.529591)",0.0
286,6,20,6;8;7;18;20;,16;20;18;56;,"LINESTRING (-96.711644 43.587586, -96.711382 43.562324, -96.693423 43.563844, -96.694078 43.546744, -96.711185 43.515333)",75.53583526611328
287,6,20,6;8;16;18;20;,16;22;50;56;,"LINESTRING (-96.711644 43.587586, -96.711382 43.562324, -96.711382 43.546744, -96.694078 43.546744, -96.711185 43.515333)",6.941857814788818
288,6,20,6;5;9;10;15;19;20;,15;13;25;28;45;59;,"LINESTRING (-96.711644 43.587586, -96.731569 43.564034, -96.731241 43.548596, -96.731438 43.545271, -96.731504 43.529401, -96.711316 43.529591, -96.711185 43.515333)",217.52230834960938
289,6,21,6;8;7;18;20;21;,16;20;18;56;62;,"LINESTRING (-96.711644 43.587586, -96.711382 43.562324, -96.693423 43.563844, -96.694078 43.546744, -96.711185 43.515333, -96.730979 43.510485)",72.57357025146484
290,6,21,6;5;4;3;12;13;24;21;,15;11;8;7;37;39;75;,"LINESTRING (-96.711644 43.587586, -96.731569 43.564034, -96.747168 43.563654, -96.774303 43.572962, -96.780137 43.543941, -96.793377 43.490707, -96.749200 43.503164, -96.730979 43.510485)",0.0865628719329834
291,6,21,6;8;16;18;20;21;,16;22;50;56;62;,"LINESTRING (-96.711644 43.587586, -96.711382 43.562324, -96.711382 43.546744, -96.694078 43.546744, -96.711185 43.515333, -96.730979 43.510485)",25.86652374267578
292,6,21,6;5;9;10;15;19;20;21;,15;13;25;28;45;59;62;,"LINESTRING (-96.711644 43.587586, -96.731569 43.564034, -96.731241 43.548596, -96.731438 43.545271, -96.731504 43.529401, -96.711316 43.529591, -96.711185 43.515333, -96.730979 43.510485)",1.4733428955078125
293,6,22,6;5;9;10;15;22;,15;13;25;28;46;,"LINESTRING (-96.711644 43.587586, -96.731569 43.564034, -96.731241 43.548596, -96.731438 43.545271, -96.731504 43.529401, -96.731241 43.514858)",19.685657501220703
294,6,22,6;8;7;18;20;22;,16;20;18;56;63;,"LINESTRING (-96.711644 43.587586, -96.711382 43.562324, -96.693423 43.563844, -96.694078 43.546744, -96.711185 43.515333, -96.731241 43.514858)",22.92999839782715
295,6,22,6;8;16;18;20;22;,16;22;50;56;63;,"LINESTRING (-96.711644 43.587586, -96.711382 43.562324, -96.711382 43.546744, -96.694078 43.546744, -96.711185 43.515333, -96.731241 43.514858)",95.1926040649414
296,6,22,6;8;7;18;20;21;22;,16;20;18;56;62;65;,"LINESTRING (-96.711644 43.587586, -96.711382 43.562324, -96.693423 43.563844, -96.694078 43.546744, -96.711185 43.515333, -96.730979 43.510485, -96.731241 43.514858)",38.239593505859375
297,6,22,6;8;16;17;19;15;22;,16;22;49;53;57;46;,"LINESTRING (-96.711644 43.587586, -96.711382 43.562324, -96.711382 43.546744, -96.711382 43.541280, -96.711316 43.529591, -96.731504 43.529401, -96.731241 43.514858)",9.432062149047852
298,6,22,6;5;9;10;15;19;20;22;,15;13;25;28;45;59;63;,"LINESTRING (-96.711644 43.587586, -96.731569 43.564034, -96.731241 43.548596, -96.731438 43.545271, -96.731504 43.529401, -96.711316 43.529591, -96.711185 43.515333, -96.731241 43.514858)",14.52008056640625
299,6,23,6;5;4;11;14;23;,15;11;10;34;42;,"LINESTRING (-96.711644 43.587586, -96.731569 43.564034, -96.747168 43.563654, -96.746841 43.544131, -96.751035 43.529306, -96.750904 43.514858)",80.1900634765625
300,6,23,6;5;4;3;12;11;14;23;,15;11;8;7;36;34;42;,"LINESTRING (-96.711644 43.587586, -96.731569 43.564034, -96.747168 43.563654, -96.774303 43.572962, -96.780137 43.543941, -96.746841 43.544131, -96.751035 43.529306, -96.750904 43.514858)",20.359895706176758
301,6,23,6;2;1;3;12;13;24;23;,14;3;2;7;37;39;76;,"LINESTRING (-96.711644 43.587586, -96.711251 43.605813, -96.770420 43.612828, -96.774303 43.572962, -96.780137 43.543941, -96.793377 43.490707, -96.749200 43.503164, -96.750904 43.514858)",47.46377182006836
302,6,23,6;5;4;3;12;13;24;23;,15;11;8;7;37;39;76;,"LINESTRING (-96.711644 43.587586, -96.731569 43.564034, -96.747168 43.563654, -96.774303 43.572962, -96.780137 43.543941, -96.793377 43.490707, -96.749200 43.503164, -96.750904 43.514858)",18.201026916503906
303,6,23,6;8;7;18;20;21;24;23;,16;20;18;56;62;66;76;,"LINESTRING (-96.711644 43.587586, -96.711382 43.562324, -96.693423 43.563844, -96.694078 43.546744, -96.711185 43.515333, -96.730979 43.510485, -96.749200 43.503164, -96.750904 43.514858)",0.0
304,6,24,6;2;1;3;12;13;24;,14;3;2;7;37;39;,"LINESTRING (-96.711644 43.587586, -96.711251 43.605813, -96.770420 43.612828, -96.774303 43.572962, -96.780137 43.543941, -96.793377 43.490707, -96.749200 43.503164)",17.972055435180664
305,6,24,6;5;4;3;12;13;24;,15;11;8;7;37;39;,"LINESTRING (-96.711644 43.587586, -96.731569 43.564034, -96.747168 43.563654, -96.774303 43.572962, -96.780137 43.543941, -96.793377 43.490707, -96.749200 43.503164)",8.40158748626709
306,6,24,6;8;7;18;20;21;24;,16;20;18;56;62;66;,"LINESTRING (-96.711644 43.587586, -96.711382 43.562324, -96.693423 43.563844, -96.694078 43.546744, -96.711185 43.515333, -96.730979 43.510485, -96.749200 43.503164)",73.62635803222656
307,7,1,7;8;6;2;1;,17;19;14;3;,"LINESTRING (-96.693423 43.563844, -96.711382 43.562324, -96.711644 43.587586, -96.711251 43.605813, -96.770420 43.612828)",54.333316802978516
308,7,1,7;8;9;5;4;3;1;,17;21;23;11;8;5;,"LINESTRING (-96.693423 43.563844, -96.711382 43.562324, -96.731241 43.548596, -96.731569 43.564034, -96.747168 43.563654, -96.774303 43.572962, -96.770420 43.612828)",3.9477591514587402
309,7,1,7;18;16;8;6;2;1;,18;55;47;19;14;3;,"LINESTRING (-96.693423 43.563844, -96.694078 43.546744, -96.711382 43.546744, -96.711382 43.562324, -96.711644 43.587586, -96.711251 43.605813, -96.770420 43.612828)",90.61170959472656
310,7,1,7;18;16;10;9;5;4;3;1;,18;55;48;26;23;11;8;5;,"LINESTRING (-96.693423 43.563844, -96.694078 43.546744, -96.711382 43.546744, -96.731438 43.545271, -96.731241 43.548596, -96.731569 43.564034, -96.747168 43.563654, -96.774303 43.572962, -96.770420 43.612828)",351.1072082519531
311,7,2,7;8;6;2;,17;19;14;,"LINESTRING (-96.693423 43.563844, -96.711382 43.562324, -96.711644 43.587586, -96.711251 43.605813)",32.892845153808594
312,7,2,7;8;9;5;4;3;1;2;,17;21;23;11;8;5;1;,"LINESTRING (-96.693423 43.563844, -96.711382 43.562324, -96.731241 43.548596, -96.731569 43.564034, -96.747168 43.563654, -96.774303 43.572962, -96.770420 43.612828, -96.711251 43.605813)",75.95928192138672
313,7,2,7;18;16;8;6;2;,18;55;47;19;14;,"LINESTRING (-96.693423 43.563844, -96.694078 43.546744, -96.711382 43.546744, -96.711382 43.562324, -96.711644 43.587586, -96.711251 43.605813)",91.14787292480469
314,7,3,7;8;6;2;1;3;,17;19;14;3;2;,"LINESTRING (-96.693423 43.563844, -96.711382 43.562324, -96.711644 43.587586, -96.711251 43.605813, -96.770420 43.612828, -96.774303 43.572962)",63.31892776489258
315,7,3,7;8;6;5;4;3;,17;19;15;11;8;,"LINESTRING (-96.693423 43.563844, -96.711382 43.562324, -96.711644 43.587586, -96.731569 43.564034, -96.747168 43.563654, -96.774303 43.572962)",81.13463592529297
316,7,3,7;8;9;5;4;3;,17;21;23;11;8;,"LINESTRING (-96.693423 43.563844, -96.711382 43.562324, -96.731241 43.548596, -96.731569 43.564034, -96.747168 43.563654, -96.774303 43.572962)",26.034727096557617
317,7,3,7;18;16;8;6;5;4;3;,18;55;47;19;15;11;8;,"LINESTRING (-96.693423 43.563844, -96.694078 43.546744, -96.711382 43.546744, -96.711382 43.562324, -96.711644 43.587586, -96.731569 43.564034, -96.747168 43.563654, -96.774303 43.572962)",95.2306900024414
318,7,3,7;18;16;10;9;5;4;3;,18;55;48;26;23;11;8;,"LINESTRING (-96.693423 43.563844, -96.694078 43.546744, -96.711382 43.546744, -96.731438 43.545271, -96.731241 43.548596, -96.731569 43.564034, -96.747168 43.563654, -96.774303 43.572962)",0.0
319,7,4,7;8;6;5;4;,17;19;15;11;,"LINESTRING (-96.693423 43.563844, -96.711382 43.562324, -96.711644 43.587586, -96.731569 43.564034, -96.747168 43.563654)",37.99494934082031
320,7,4,7;8;9;5;4;,17;21;23;11;,"LINESTRING (-96.693423 43.563844, -96.711382 43.562324, -96.731241 43.548596, -96.731569 43.564034, -96.747168 43.563654)",34.832275390625
321,7,4,7;18;16;8;6;5;4;,18;55;47;19;15;11;,"LINESTRING (-96.693423 43.563844, -96.694078 43.546744, -96.711382 43.546744, -96.711382 43.562324, -96.711644 43.587586, -96.731569 43.564034, -96.747168 43.563654)",46.274295806884766
322,7,4,7;18;16;10;9;5;4;,18;55;48;26;23;11;,"LINESTRING (-96.693423 43.563844, -96.694078 43.546744, -96.711382 43.546744, -96.731438 43.545271, -96.731241 43.548596, -96.731569 43.564034, -96.747168 43.563654)",280.89849853515625
323,7,5,7;8;6;5;,17;19;15;,"LINESTRING (-96.693423 43.563844, -96.711382 43.562324, -96.711644 43.587586, -96.731569 43.564034)",19.209745407104492
324,7,5,7;8;9;5;,17;21;23;,"LINESTRING (-96.693423 43.563844, -96.711382 43.562324, -96.731241 43.548596, -96.731569 43.564034)",91.6013412475586
325,7,5,7;18;16;8;6;5;,18;55;47;19;15;,"LINESTRING (-96.693423 43.563844, -96.694078 43.546744, -96.711382 43.546744, -96.711382 43.562324, -96.711644 43.587586, -96.731569 43.564034)",36.23433303833008
326,7,5,7;18;16;10;9;5;,18;55;48;26;23;,"LINESTRING (-96.693423 43.563844, -96.694078 43.546744, -96.711382 43.546744, -96.731438 43.545271, -96.731241 43.548596, -96.731569 43.564034)",52.95457458496094
327,7,6,7;8;6;,17;19;,"LINESTRING (-96.693423 43.563844, -96.711382 43.562324, -96.711644 43.587586)",12.948092460632324
328,7,6,7;8;9;5;6;,17;21;23;12;,"LINESTRING (-96.693423 43.563844, -96.711382 43.562324, -96.731241 43.548596, -96.731569 43.564034, -96.711644 43.587586)",2.395190477371216
329,7,6,7;18;16;8;6;,18;55;47;19;,"LINESTRING (-96.693423 43.563844, -96.694078 43.546744, -96.711382 43.546744, -96.711382 43.562324, -96.711644 43.587586)",384.6567077636719
330,7,8,7;18;16;8;,18;55;47;,"LINESTRING (-96.693423 43.563844, -96.694078 43.546744, -96.711382 43.546744, -96.711382 43.562324)",0.0
331,7,9,7;8;9;,17;21;,"LINESTRING (-96.693423 43.563844, -96.711382 43.562324, -96.731241 43.548596)",87.38529968261719
332,7,9,7;8;6;5;9;,17;19;15;13;,"LINESTRING (-96.693423 43.563844, -96.711382 43.562324, -96.711644 43.587586, -96.731569 43.564034, -96.731241 43.548596)",18.6218204498291
333,7,9,7;18;16;10;9;,18;55;48;26;,"LINESTRING (-96.693423 43.563844, -96.694078 43.546744, -96.711382 43.546744, -96.731438 43.545271, -96.731241 43.548596)",493.9928894042969
334,7,10,7;8;9;10;,17;21;25;,"LINESTRING (-96.693423 43.563844, -96.711382 43.562324, -96.731241 43.548596, -96.731438 43.545271)",67.56404113769531
335,7,10,7;18;16;10;,18;55;48;,"LINESTRING (-96.693423 43.563844, -96.694078 43.546744, -96.711382 43.546744, -96.731438 43.545271)",14.249707221984863
336,7,10,7;8;6;2;1;3;12;11;10;,17;19;14;3;2;7;36;32;,"LINESTRING (-96.693423 43.563844, -96.711382 43.562324, -96.711644 43.587586, -96.711251 43.605813, -96.770420 43.612828, -96.774303 43.572962, -96.780137 43.543941, -96.746841 43.544131, -96.731438 43.545271)",9.842248916625977
337,7,10,7;18;20;19;15;10;,18;56;61;57;43;,"LINESTRING (-96.693423 43.563844, -96.694078 43.546744, -96.711185 43.515333, -96.711316 43.529591, -96.731504 43.529401, -96.731438 43.545271)",1808.3441162109375
338,7,11,7;8;6;5;4;11;,17;19;15;11;10;,"LINESTRING (-96.693423 43.563844, -96.711382 43.562324, -96.711644 43.587586, -96.731569 43.564034, -96.747168 43.563654, -96.746841 43.544131)",72.13375854492188
339,7,11,7;8;9;5;4;11;,17;21;23;11;10;,"LINESTRING (-96.693423 43.563844, -96.711382 43.562324, -96.731241 43.548596, -96.731569 43.564034, -96.747168 43.563654, -96.746841 43.544131)",51.31144332885742
340,7,11,7;8;9;10;11;,17;21;25;27;,"LINESTRING (-96.693423 43.563844, -96.711382 43.562324, -96.731241 43.548596, -96.731438 43.545271, -96.746841 43.544131)",77.2702865600586
341,7,11,7;8;6;2;1;3;12;11;,17;19;14;3;2;7;36;,"LINESTRING (-96.693423 43.563844, -96.711382 43.562324, -96.711644 43.587586, -96.711251 43.605813, -96.770420 43.612828, -96.774303 43.572962, -96.780137 43.543941, -96.746841 43.544131)",53.31113815307617
342,7,11,7;18;16;10;11;,18;55;48;27;,"LINESTRING (-96.693423 43.563844, -96.694078 43.546744, -96.711382 43.546744, -96.731438 43.545271, -96.746841 43.544131)",245.97337341308594
343,7,12,7;8;6;2;1;3;12;,17;19;14;3;2;7;,"LINESTRING (-96.693423 43.563844, -96.711382 43.562324, -96.711644 43.587586, -96.711251 43.605813, -96.770420 43.612828, -96.774303 43.572962, -96.780137 43.543941)",57.70009994506836
344,7,12,7;8;6;5;4;3;12;,17;19;15;11;8;7;,"LINESTRING (-96.693423 43.563844, -96.711382 43.562324, -96.711644 43.587586, -96.731569 43.564034, -96.747168 43.563654, -96.774303 43.572962, -96.780137 43.543941)",90.33779907226562
345,7,12,7;8;9;5;4;3;12;,17;21;23;11;8;7;,"LINESTRING (-96.693423 43.563844, -96.711382 43.562324, -96.731241 43.548596, -96.731569 43.564034, -96.747168 43.563654, -96.774303 43.572962, -96.780137 43.543941)",11.434651374816895
346,7,12,7;18;16;8;6;5;4;3;12;,18;55;47;19;15;11;8;7;,"LINESTRING (-96.693423 43.563844, -96.694078 43.546744, -96.711382 43.546744, -96.711382 43.562324, -96.711644 43.587586, -96.731569 43.564034, -96.747168 43.563654, -96.774303 43.572962, -96.780137 43.543941)",59.44797134399414
347,7,12,7;18;16;10;9;5;4;3;12;,18;55;48;26;23;11;8;7;,"LINESTRING (-96.693423 43.563844, -96.694078 43.546744, -96.711382 43.546744, -96.731438 43.545271, -96.731241 43.548596, -96.731569 43.564034, -96.747168 43.563654, -96.774303 43.572962, -96.780137 43.543941)",481.079345703125
348,7,13,7;8;6;2;1;3;12;13;,17;19;14;3;2;7;37;,"LINESTRING (-96.693423 43.563844, -96.711382 43.562324, -96.711644 43.587586, -96.711251 43.605813, -96.770420 43.612828, -96.774303 43.572962, -96.780137 43.543941, -96.793377 43.490707)",67.12940216064453
349,7,13,7;8;6;5;4;3;12;13;,17;19;15;11;8;7;37;,"LINESTRING (-96.693423 43.563844, -96.711382 43.562324, -96.711644 43.587586, -96.731569 43.564034, -96.747168 43.563654, -96.774303 43.572962, -96.780137 43.543941, -96.793377 43.490707)",17.84565544128418
350,7,13,7;8;9;5;4;3;12;13;,17;21;23;11;8;7;37;,"LINESTRING (-96.693423 43.563844, -96.711382 43.562324, -96.731241 43.548596, -96.731569 43.564034, -96.747168 43.563654, -96.774303 43.572962, -96.780137 43.543941, -96.793377 43.490707)",5.714722633361816
351,7,13,7;18;16;8;6;5;4;3;12;13;,18;55;47;19;15;11;8;7;37;,"LINESTRING (-96.693423 43.563844, -96.694078 43.546744, -96.711382 43.546744, -96.711382 43.562324, -96.711644 43.587586, -96.731569 43.564034, -96.747168 43.563654, -96.774303 43.572962, -96.780137 43.543941, -96.793377 43.490707)",91.07899475097656
352,7,13,7;18;16;10;9;5;4;3;12;13;,18;55;48;26;23;11;8;7;37;,"LINESTRING (-96.693423 43.563844, -96.694078 43.546744, -96.711382 43.546744, -96.731438 43.545271, -96.731241 43.548596, -96.731569 43.564034, -96.747168 43.563654, -96.774303 43.572962, -96.780137 43.543941, -96.793377 43.490707)",63.712196350097656
353,7,13,7;18;20;21;24;13;,18;56;62;66;74;,"LINESTRING (-96.693423 43.563844, -96.694078 43.546744, -96.711185 43.515333, -96.730979 43.510485, -96.749200 43.503164, -96.793377 43.490707)",73.3783950805664
354,7,13,7;18;20;22;23;24;13;,18;56;63;70;73;74;,"LINESTRING (-96.693423 43.563844, -96.694078 43.546744, -96.711185 43.515333, -96.731241 43.514858, -96.750904 43.514858, -96.749200 43.503164, -96.793377 43.490707)",81.14065551757812
355,7,14,7;18;20;19;15;14;,18;56;61;57;44;,"LINESTRING (-96.693423 43.563844, -96.694078 43.546744, -96.711185 43.515333, -96.711316 43.529591, -96.731504 43.529401, -96.751035 43.529306)",43.99308395385742
356,7,14,7;18;16;17;19;15;14;,18;55;49;53;57;44;,"LINESTRING (-96.693423 43.563844, -96.694078 43.546744, -96.711382 43.546744, -96.711382 43.541280, -96.711316 43.529591, -96.731504 43.529401, -96.751035 43.529306)",4.355934143066406
357,7,14,7;18;20;22;23;14;,18;56;63;70;71;,"LINESTRING (-96.693423 43.563844, -96.694078 43.546744, -96.711185 43.515333, -96.731241 43.514858, -96.750904 43.514858, -96.751035 43.529306)",63.76321029663086
358,7,14,7;18;20;21;22;15;14;,18;56;62;65;67;44;,"LINESTRING (-96.693423 43.563844, -96.694078 43.546744, -96.711185 43.515333, -96.730979 43.510485, -96.731241 43.514858, -96.731504 43.529401, -96.751035 43.529306)",24.513784408569336
359,7,14,7;18;20;21;24;23;14;,18;56;62;66;76;71;,"LINESTRING (-96.693423 43.563844, -96.694078 43.546744, -96.711185 43.515333, -96.730979 43.510485, -96.749200 43.503164, -96.750904 43.514858, -96.751035 43.529306)",63.373992919921875
360,7,15,7;18;20;19;15;,18;56;61;57;,"LINESTRING (-96.693423 43.563844, -96.694078 43.546744, -96.711185 43.515333, -96.711316 43.529591, -96.731504 43.529401)",55.7069091796875
361,7,15,7;18;20;22;15;,18;56;63;67;,"LINESTRING (-96.693423 43.563844, -96.694078 43.546744, -96.711185 43.515333, -96.731241 43.514858, -96.731504 43.529401)",94.84085845947266
362,7,15,7;18;16;17;19;15;,18;55;49;53;57;,"LINESTRING (-96.693423 43.563844, -96.694078 43.546744, -96.711382 43.546744, -96.711382 43.541280, -96.711316 43.529591, -96.731504 43.529401)",79.13115692138672
363,7,15,7;18;20;21;22;15;,18;56;62;65;67;,"LINESTRING (-96.693423 43.563844, -96.694078 43.546744, -96.711185 43.515333, -96.730979 43.510485, -96.731241 43.514858, -96.731504 43.529401)",270.3210754394531
364,7,16,7;18;16;,18;55;,"LINESTRING (-96.693423 43.563844, -96.694078 43.546744, -96.711382 43.546744)",1400.0
365,7,17,7;8;9;10;17;,17;21;25;30;,"LINESTRING (-96.693423 43.563844, -96.711382 43.562324, -96.731241 43.548596, -96.731438 43.545271, -96.711382 43.541280)",69.40554809570312
366,7,17,7;18;16;17;,18;55;49;,"LINESTRING (-96.693423 43.563844, -96.694078 43.546744, -96.711382 43.546744, -96.711382 43.541280)",930.594482421875
367,7,19,7;18;20;19;,18;56;61;,"LINESTRING (-96.693423 43.563844, -96.694078 43.546744, -96.711185 43.515333, -96.711316 43.529591)",9.026636123657227
368,7,19,7;18;16;17;19;,18;55;49;53;,"LINESTRING (-96.693423 43.563844, -96.694078 43.546744, -96.711382 43.546744, -96.711382 43.541280, -96.711316 43.529591)",32.58951187133789
369,7,19,7;18;20;21;22;15;19;,18;56;62;65;67;45;,"LINESTRING (-96.693423 43.563844, -96.694078 43.546744, -96.711185 43.515333, -96.730979 43.510485, -96.731241 43.514858, -96.731504 43.529401, -96.711316 43.529591)",358.38385009765625
370,7,20,7;18;20;,18;56;,"LINESTRING (-96.693423 43.563844, -96.694078 43.546744, -96.711185 43.515333)",500.0
371,7,21,7;18;20;21;,18;56;62;,"LINESTRING (-96.693423 43.563844, -96.694078 43.546744, -96.711185 43.515333, -96.730979 43.510485)",200.0
372,7,22,7;18;20;22;,18;56;63;,"LINESTRING (-96.693423 43.563844, -96.694078 43.546744, -96.711185 43.515333, -96.731241 43.514858)",77.23076629638672
373,7,22,7;18;20;21;22;,18;56;62;65;,"LINESTRING (-96.693423 43.563844, -96.694078 43.546744, -96.711185 43.515333, -96.730979 43.510485, -96.731241 43.514858)",80.88792419433594
374,7,22,7;18;16;17;19;15;22;,18;55;49;53;57;46;,"LINESTRING (-96.693423 43.563844, -96.694078 43.546744, -96.711382 43.546744, -96.711382 43.541280, -96.711316 43.529591, -96.731504 43.529401, -96.731241 43.514858)",341.8813171386719
375,7,23,7;18;20;22;23;,18;56;63;70;,"LINESTRING (-96.693423 43.563844, -96.694078 43.546744, -96.711185 43.515333, -96.731241 43.514858, -96.750904 43.514858)",4.487217903137207
376,7,23,7;18;20;21;24;23;,18;56;62;66;76;,"LINESTRING (-96.693423 43.563844, -96.694078 43.546744, -96.711185 43.515333, -96.730979 43.510485, -96.749200 43.503164, -96.750904 43.514858)",75.6525650024414
377,7,23,7;18;16;17;19;15;14;23;,18;55;49;53;57;44;42;,"LINESTRING (-96.693423 43.563844, -96.694078 43.546744, -96.711382 43.546744, -96.711382 43.541280, -96.711316 43.529591, -96.731504 43.529401, -96.751035 43.529306, -96.750904 43.514858)",95.22147369384766
378,7,23,7;18;16;17;19;15;22;23;,18;55;49;53;57;46;70;,"LINESTRING (-96.693423 43.563844, -96.694078 43.546744, -96.711382 43.546744, -96.711382 43.541280, -96.711316 43.529591, -96.731504 43.529401, -96.731241 43.514858, -96.750904 43.514858)",24.63873291015625
379,7,24,7;18;20;21;24;,18;56;62;66;,"LINESTRING (-96.693423 43.563844, -96.694078 43.546744, -96.711185 43.515333, -96.730979 43.510485, -96.749200 43.503164)",20.763160705566406
380,7,24,7;18;20;22;23;24;,18;56;63;70;73;,"LINESTRING (-96.693423 43.563844, -96.694078 43.546744, -96.711185 43.515333, -96.731241 43.514858, -96.750904 43.514858, -96.749200 43.503164)",36.643985748291016
381,7,24,7;18;16;17;19;15;22;23;24;,18;55;49;53;57;46;70;73;,"LINESTRING (-96.693423 43.563844, -96.694078 43.546744, -96.711382 43.546744, -96.711382 43.541280, -96.711316 43.529591, -96.731504 43.529401, -96.731241 43.514858, -96.750904 43.514858, -96.749200 43.503164)",42.59285354614258
382,8,1,8;6;2;1;,19;14;3;,"LINESTRING (-96.711382 43.562324, -96.711644 43.587586, -96.711251 43.605813, -96.770420 43.612828)",95.589599609375
383,8,1,8;9;5;4;3;1;,21;23;11;8;5;,"LINESTRING (-96.711382 43.562324, -96.731241 43.548596, -96.731569 43.564034, -96.747168 43.563654, -96.774303 43.572962, -96.770420 43.612828)",704.410400390625
384,8,2,8;6;2;,19;14;,"LINESTRING (-96.711382 43.562324, -96.711644 43.587586, -96.711251 43.605813)",79.35198974609375
385,8,2,8;9;5;4;3;1;2;,21;23;11;8;5;1;,"LINESTRING (-96.711382 43.562324, -96.731241 43.548596, -96.731569 43.564034, -96.747168 43.563654, -96.774303 43.572962, -96.770420 43.612828, -96.711251 43.605813)",320.64801025390625
386,8,3,8;6;2;1;3;,19;14;3;2;,"LINESTRING (-96.711382 43.562324, -96.711644 43.587586, -96.711251 43.605813, -96.770420 43.612828, -96.774303 43.572962)",36.7782096862793
387,8,3,8;6;5;4;3;,19;15;11;8;,"LINESTRING (-96.711382 43.562324, -96.711644 43.587586, -96.731569 43.564034, -96.747168 43.563654, -96.774303 43.572962)",20.865270614624023
388,8,3,8;9;5;4;3;,21;23;11;8;,"LINESTRING (-96.711382 43.562324, -96.731241 43.548596, -96.731569 43.564034, -96.747168 43.563654, -96.774303 43.572962)",142.3565216064453
389,8,4,8;6;5;4;,19;15;11;,"LINESTRING (-96.711382 43.562324, -96.711644 43.587586, -96.731569 43.564034, -96.747168 43.563654)",86.46367645263672
390,8,4,8;9;5;4;,21;23;11;,"LINESTRING (-96.711382 43.562324, -96.731241 43.548596, -96.731569 43.564034, -96.747168 43.563654)",613.5363159179688
391,8,5,8;6;5;,19;15;,"LINESTRING (-96.711382 43.562324, -96.711644 43.587586, -96.731569 43.564034)",46.60679244995117
392,8,5,8;9;5;,21;23;,"LINESTRING (-96.711382 43.562324, -96.731241 43.548596, -96.731569 43.564034)",453.3932189941406
393,8,6,8;9;5;6;,21;23;12;,"LINESTRING (-96.711382 43.562324, -96.731241 43.548596, -96.731569 43.564034, -96.711644 43.587586)",0.0
394,8,7,8;16;18;7;,22;50;54;,"LINESTRING (-96.711382 43.562324, -96.711382 43.546744, -96.694078 43.546744, -96.693423 43.563844)",0.0
395,8,9,8;6;5;9;,19;15;13;,"LINESTRING (-96.711382 43.562324, -96.711644 43.587586, -96.731569 43.564034, -96.731241 43.548596)",18.390270233154297
396,8,9,8;16;10;9;,22;48;26;,"LINESTRING (-96.711382 43.562324, -96.711382 43.546744, -96.731438 43.545271, -96.731241 43.548596)",0.0
397,8,10,8;9;10;,21;25;,"LINESTRING (-96.711382 43.562324, -96.731241 43.548596, -96.731438 43.545271)",21.766450881958008
398,8,10,8;16;10;,22;48;,"LINESTRING (-96.711382 43.562324, -96.711382 43.546744, -96.731438 43.545271)",55.4775390625
399,8,10,8;6;2;1;3;12;11;10;,19;14;3;2;7;36;32;,"LINESTRING (-96.711382 43.562324, -96.711644 43.587586, -96.711251 43.605813, -96.770420 43.612828, -96.774303 43.572962, -96.780137 43.543941, -96.746841 43.544131, -96.731438 43.545271)",1522.7559814453125
400,8,11,8;6;5;4;11;,19;15;11;10;,"LINESTRING (-96.711382 43.562324, -96.711644 43.587586, -96.731569 43.564034, -96.747168 43.563654, -96.746841 43.544131)",73.8494873046875
401,8,11,8;9;5;4;11;,21;23;11;10;,"LINESTRING (-96.711382 43.562324, -96.731241 43.548596, -96.731569 43.564034, -96.747168 43.563654, -96.746841 43.544131)",48.1906852722168
402,8,11,8;9;10;11;,21;25;27;,"LINESTRING (-96.711382 43.562324, -96.731241 43.548596, -96.731438 43.545271, -96.746841 43.544131)",11.638876914978027
403,8,11,8;6;2;1;3;12;11;,19;14;3;2;7;36;,"LINESTRING (-96.711382 43.562324, -96.711644 43.587586, -96.711251 43.605813, -96.770420 43.612828, -96.774303 43.572962, -96.780137 43.543941, -96.746841 43.544131)",52.1510124206543
404,8,11,8;6;5;4;3;12;11;,19;15;11;8;7;36;,"LINESTRING (-96.711382 43.562324, -96.711644 43.587586, -96.731569 43.564034, -96.747168 43.563654, -96.774303 43.572962, -96.780137 43.543941, -96.746841 43.544131)",96.51593017578125
405,8,11,8;16;10;11;,22;48;27;,"LINESTRING (-96.711382 43.562324, -96.711382 43.546744, -96.731438 43.545271, -96.746841 43.544131)",517.6541137695312
406,8,12,8;6;2;1;3;12;,19;14;3;2;7;,"LINESTRING (-96.711382 43.562324, -96.711644 43.587586, -96.711251 43.605813, -96.770420 43.612828, -96.774303 43.572962, -96.780137 43.543941)",49.625038146972656
407,8,12,8;6;5;4;3;12;,19;15;11;8;7;,"LINESTRING (-96.711382 43.562324, -96.711644 43.587586, -96.731569 43.564034, -96.747168 43.563654, -96.774303 43.572962, -96.780137 43.543941)",89.45555877685547
408,8,12,8;9;5;4;3;12;,21;23;11;8;7;,"LINESTRING (-96.711382 43.562324, -96.731241 43.548596, -96.731569 43.564034, -96.747168 43.563654, -96.774303 43.572962, -96.780137 43.543941)",460.9194030761719
409,8,13,8;6;2;1;3;12;13;,19;14;3;2;7;37;,"LINESTRING (-96.711382 43.562324, -96.711644 43.587586, -96.711251 43.605813, -96.770420 43.612828, -96.774303 43.572962, -96.780137 43.543941, -96.793377 43.490707)",30.920021057128906
410,8,13,8;6;5;4;3;12;13;,19;15;11;8;7;37;,"LINESTRING (-96.711382 43.562324, -96.711644 43.587586, -96.731569 43.564034, -96.747168 43.563654, -96.774303 43.572962, -96.780137 43.543941, -96.793377 43.490707)",40.18596649169922
411,8,13,8;9;5;4;3;12;13;,21;23;11;8;7;37;,"LINESTRING (-96.711382 43.562324, -96.731241 43.548596, -96.731569 43.564034, -96.747168 43.563654, -96.774303 43.572962, -96.780137 43.543941, -96.793377 43.490707)",528.89404296875
412,8,14,8;6;2;1;3;12;11;14;,19;14;3;2;7;36;34;,"LINESTRING (-96.711382 43.562324, -96.711644 43.587586, -96.711251 43.605813, -96.770420 43.612828, -96.774303 43.572962, -96.780137 43.543941, -96.746841 43.544131, -96.751035 43.529306)",86.20897674560547
413,8,14,8;16;17;19;15;14;,22;49;53;57;44;,"LINESTRING (-96.711382 43.562324, -96.711382 43.546744, -96.711382 43.541280, -96.711316 43.529591, -96.731504 43.529401, -96.751035 43.529306)",53.745941162109375
414,8,14,8;7;18;20;19;15;14;,20;18;56;61;57;44;,"LINESTRING (-96.711382 43.562324, -96.693423 43.563844, -96.694078 43.546744, -96.711185 43.515333, -96.711316 43.529591, -96.731504 43.529401, -96.751035 43.529306)",12.79741096496582
415,8,14,8;16;18;20;19;15;14;,22;50;56;61;57;44;,"LINESTRING (-96.711382 43.562324, -96.711382 43.546744, -96.694078 43.546744, -96.711185 43.515333, -96.711316 43.529591, -96.731504 43.529401, -96.751035 43.529306)",35.532711029052734
416,8,14,8;7;18;20;22;23;14;,20;18;56;63;70;71;,"LINESTRING (-96.711382 43.562324, -96.693423 43.563844, -96.694078 43.546744, -96.711185 43.515333, -96.731241 43.514858, -96.750904 43.514858, -96.751035 43.529306)",40.009830474853516
417,8,14,8;7;18;20;21;24;23;14;,20;18;56;62;66;76;71;,"LINESTRING (-96.711382 43.562324, -96.693423 43.563844, -96.694078 43.546744, -96.711185 43.515333, -96.730979 43.510485, -96.749200 43.503164, -96.750904 43.514858, -96.751035 43.529306)",171.7051239013672
418,8,15,8;16;17;19;15;,22;49;53;57;,"LINESTRING (-96.711382 43.562324, -96.711382 43.546744, -96.711382 43.541280, -96.711316 43.529591, -96.731504 43.529401)",29.970500946044922
419,8,15,8;7;18;20;19;15;,20;18;56;61;57;,"LINESTRING (-96.711382 43.562324, -96.693423 43.563844, -96.694078 43.546744, -96.711185 43.515333, -96.711316 43.529591, -96.731504 43.529401)",46.584659576416016
420,8,15,8;7;18;20;22;15;,20;18;56;63;67;,"LINESTRING (-96.711382 43.562324, -96.693423 43.563844, -96.694078 43.546744, -96.711185 43.515333, -96.731241 43.514858, -96.731504 43.529401)",81.79957580566406
421,8,15,8;16;18;20;19;15;,22;50;56;61;57;,"LINESTRING (-96.711382 43.562324, -96.711382 43.546744, -96.694078 43.546744, -96.711185 43.515333, -96.711316 43.529591, -96.731504 43.529401)",93.70757293701172
422,8,15,8;7;18;20;21;22;15;,20;18;56;62;65;67;,"LINESTRING (-96.711382 43.562324, -96.693423 43.563844, -96.694078 43.546744, -96.711185 43.515333, -96.730979 43.510485, -96.731241 43.514858, -96.731504 43.529401)",347.93768310546875
423,8,16,8;7;18;16;,20;18;55;,"LINESTRING (-96.711382 43.562324, -96.693423 43.563844, -96.694078 43.546744, -96.711382 43.546744)",322.6966857910156
424,8,17,8;16;17;,22;49;,"LINESTRING (-96.711382 43.562324, -96.711382 43.546744, -96.711382 43.541280)",39.57728958129883
425,8,17,8;9;10;17;,21;25;30;,"LINESTRING (-96.711382 43.562324, -96.731241 43.548596, -96.731438 43.545271, -96.711382 43.541280)",8.315751075744629
426,8,17,8;7;18;16;17;,20;18;55;49;,"LINESTRING (-96.711382 43.562324, -96.693423 43.563844, -96.694078 43.546744, -96.711382 43.546744, -96.711382 43.541280)",1352.10693359375
427,8,18,8;7;18;,20;18;,"LINESTRING (-96.711382 43.562324, -96.693423 43.563844, -96.694078 43.546744)",52.747005462646484
428,8,18,8;16;18;,22;50;,"LINESTRING (-96.711382 43.562324, -96.711382 43.546744, -96.694078 43.546744)",247.25299072265625
429,8,19,8;16;17;19;,22;49;53;,"LINESTRING (-96.711382 43.562324, -96.711382 43.546744, -96.711382 43.541280, -96.711316 43.529591)",68.16313171386719
430,8,19,8;7;18;20;19;,20;18;56;61;,"LINESTRING (-96.711382 43.562324, -96.693423 43.563844, -96.694078 43.546744, -96.711185 43.515333, -96.711316 43.529591)",24.671844482421875
431,8,19,8;16;18;20;19;,22;50;56;61;,"LINESTRING (-96.711382 43.562324, -96.711382 43.546744, -96.694078 43.546744, -96.711185 43.515333, -96.711316 43.529591)",41.65476989746094
432,8,19,8;7;18;16;17;19;,20;18;55;49;53;,"LINESTRING (-96.711382 43.562324, -96.693423 43.563844, -96.694078 43.546744, -96.711382 43.546744, -96.711382 43.541280, -96.711316 43.529591)",72.45254516601562
433,8,19,8;7;18;20;21;22;15;19;,20;18;56;62;65;67;45;,"LINESTRING (-96.711382 43.562324, -96.693423 43.563844, -96.694078 43.546744, -96.711185 43.515333, -96.730979 43.510485, -96.731241 43.514858, -96.731504 43.529401, -96.711316 43.529591)",493.0577087402344
434,8,20,8;7;18;20;,20;18;56;,"LINESTRING (-96.711382 43.562324, -96.693423 43.563844, -96.694078 43.546744, -96.711185 43.515333)",43.4100341796875
435,8,20,8;16;18;20;,22;50;56;,"LINESTRING (-96.711382 43.562324, -96.711382 43.546744, -96.694078 43.546744, -96.711185 43.515333)",856.5899658203125
436,8,21,8;7;18;20;21;,20;18;56;62;,"LINESTRING (-96.711382 43.562324, -96.693423 43.563844, -96.694078 43.546744, -96.711185 43.515333, -96.730979 43.510485)",74.79236602783203
437,8,21,8;16;18;20;21;,22;50;56;62;,"LINESTRING (-96.711382 43.562324, -96.711382 43.546744, -96.694078 43.546744, -96.711185 43.515333, -96.730979 43.510485)",325.2076416015625
438,8,22,8;7;18;20;22;,20;18;56;63;,"LINESTRING (-96.711382 43.562324, -96.693423 43.563844, -96.694078 43.546744, -96.711185 43.515333, -96.731241 43.514858)",98.8921127319336
439,8,22,8;16;18;20;22;,22;50;56;63;,"LINESTRING (-96.711382 43.562324, -96.711382 43.546744, -96.694078 43.546744, -96.711185 43.515333, -96.731241 43.514858)",65.07568359375
440,8,22,8;7;18;20;21;22;,20;18;56;62;65;,"LINESTRING (-96.711382 43.562324, -96.693423 43.563844, -96.694078 43.546744, -96.711185 43.515333, -96.730979 43.510485, -96.731241 43.514858)",48.640869140625
441,8,22,8;16;17;19;15;22;,22;49;53;57;46;,"LINESTRING (-96.711382 43.562324, -96.711382 43.546744, -96.711382 43.541280, -96.711316 43.529591, -96.731504 43.529401, -96.731241 43.514858)",287.3913269042969
442,8,23,8;7;18;20;22;23;,20;18;56;63;70;,"LINESTRING (-96.711382 43.562324, -96.693423 43.563844, -96.694078 43.546744, -96.711185 43.515333, -96.731241 43.514858, -96.750904 43.514858)",27.181264877319336
443,8,23,8;16;18;20;22;23;,22;50;56;63;70;,"LINESTRING (-96.711382 43.562324, -96.711382 43.546744, -96.694078 43.546744, -96.711185 43.515333, -96.731241 43.514858, -96.750904 43.514858)",45.69837951660156
444,8,23,8;16;17;19;15;14;23;,22;49;53;57;44;42;,"LINESTRING (-96.711382 43.562324, -96.711382 43.546744, -96.711382 43.541280, -96.711316 43.529591, -96.731504 43.529401, -96.751035 43.529306, -96.750904 43.514858)",77.34004211425781
445,8,23,8;16;17;19;15;22;23;,22;49;53;57;46;70;,"LINESTRING (-96.711382 43.562324, -96.711382 43.546744, -96.711382 43.541280, -96.711316 43.529591, -96.731504 43.529401, -96.731241 43.514858, -96.750904 43.514858)",39.39356231689453
446,8,23,8;7;18;20;21;24;23;,20;18;56;62;66;76;,"LINESTRING (-96.711382 43.562324, -96.693423 43.563844, -96.694078 43.546744, -96.711185 43.515333, -96.730979 43.510485, -96.749200 43.503164, -96.750904 43.514858)",110.38674926757812
447,8,24,8;7;18;20;21;24;,20;18;56;62;66;,"LINESTRING (-96.711382 43.562324, -96.693423 43.563844, -96.694078 43.546744, -96.711185 43.515333, -96.730979 43.510485, -96.749200 43.503164)",11.155614852905273
448,8,24,8;16;18;20;21;24;,22;50;56;62;66;,"LINESTRING (-96.711382 43.562324, -96.711382 43.546744, -96.694078 43.546744, -96.711185 43.515333, -96.730979 43.510485, -96.749200 43.503164)",91.26736450195312
449,8,24,8;7;18;20;22;23;24;,20;18;56;63;70;73;,"LINESTRING (-96.711382 43.562324, -96.693423 43.563844, -96.694078 43.546744, -96.711185 43.515333, -96.731241 43.514858, -96.750904 43.514858, -96.749200 43.503164)",22.696226119995117
450,8,24,8;16;17;19;15;22;23;24;,22;49;53;57;46;70;73;,"LINESTRING (-96.711382 43.562324, -96.711382 43.546744, -96.711382 43.541280, -96.711316 43.529591, -96.731504 43.529401, -96.731241 43.514858, -96.750904 43.514858, -96.749200 43.503164)",74.88079071044922
451,9,1,9;5;4;3;1;,23;11;8;5;,"LINESTRING (-96.731241 43.548596, -96.731569 43.564034, -96.747168 43.563654, -96.774303 43.572962, -96.770420 43.612828)",74.58815002441406
452,9,1,9;10;11;12;3;1;,25;27;33;35;5;,"LINESTRING (-96.731241 43.548596, -96.731438 43.545271, -96.746841 43.544131, -96.780137 43.543941, -96.774303 43.572962, -96.770420 43.612828)",425.411865234375
453,9,2,9;5;4;3;1;2;,23;11;8;5;1;,"LINESTRING (-96.731241 43.548596, -96.731569 43.564034, -96.747168 43.563654, -96.774303 43.572962, -96.770420 43.612828, -96.711251 43.605813)",19.531923294067383
454,9,2,9;5;6;2;,23;12;14;,"LINESTRING (-96.731241 43.548596, -96.731569 43.564034, -96.711644 43.587586, -96.711251 43.605813)",77.6011962890625
455,9,2,9;10;11;12;3;1;2;,25;27;33;35;5;1;,"LINESTRING (-96.731241 43.548596, -96.731438 43.545271, -96.746841 43.544131, -96.780137 43.543941, -96.774303 43.572962, -96.770420 43.612828, -96.711251 43.605813)",102.86688232421875
456,9,3,9;5;4;3;,23;11;8;,"LINESTRING (-96.731241 43.548596, -96.731569 43.564034, -96.747168 43.563654, -96.774303 43.572962)",65.60657501220703
457,9,3,9;10;11;12;3;,25;27;33;35;,"LINESTRING (-96.731241 43.548596, -96.731438 43.545271, -96.746841 43.544131, -96.780137 43.543941, -96.774303 43.572962)",34.39342498779297
458,9,4,9;5;4;,23;11;,"LINESTRING (-96.731241 43.548596, -96.731569 43.564034, -96.747168 43.563654)",35.90393829345703
459,9,4,9;10;11;12;3;4;,25;27;33;35;6;,"LINESTRING (-96.731241 43.548596, -96.731438 43.545271, -96.746841 43.544131, -96.780137 43.543941, -96.774303 43.572962, -96.747168 43.563654)",664.0960693359375
460,9,5,9;10;11;12;3;4;5;,25;27;33;35;6;9;,"LINESTRING (-96.731241 43.548596, -96.731438 43.545271, -96.746841 43.544131, -96.780137 43.543941, -96.774303 43.572962, -96.747168 43.563654, -96.731569 43.564034)",0.0
461,9,6,9;5;6;,23;12;,"LINESTRING (-96.731241 43.548596, -96.731569 43.564034, -96.711644 43.587586)",7.457218647003174
462,9,6,9;10;11;12;3;1;2;6;,25;27;33;35;5;1;4;,"LINESTRING (-96.731241 43.548596, -96.731438 43.545271, -96.746841 43.544131, -96.780137 43.543941, -96.774303 43.572962, -96.770420 43.612828, -96.711251 43.605813, -96.711644 43.587586)",392.54278564453125
463,9,7,9;8;7;,24;20;,"LINESTRING (-96.731241 43.548596, -96.711382 43.562324, -96.693423 43.563844)",32.942649841308594
464,9,7,9;10;16;18;7;,25;29;50;54;,"LINESTRING (-96.731241 43.548596, -96.731438 43.545271, -96.711382 43.546744, -96.694078 43.546744, -96.693423 43.563844)",37.741233825683594
465,9,7,9;10;11;12;3;1;2;6;8;7;,25;27;33;35;5;1;4;16;20;,"LINESTRING (-96.731241 43.548596, -96.731438 43.545271, -96.746841 43.544131, -96.780137 43.543941, -96.774303 43.572962, -96.770420 43.612828, -96.711251 43.605813, -96.711644 43.587586, -96.711382 43.562324, -96.693423 43.563844)",529.3161010742188
466,9,8,9;5;6;8;,23;12;16;,"LINESTRING (-96.731241 43.548596, -96.731569 43.564034, -96.711644 43.587586, -96.711382 43.562324)",85.09941864013672
467,9,8,9;10;16;8;,25;29;47;,"LINESTRING (-96.731241 43.548596, -96.731438 43.545271, -96.711382 43.546744, -96.711382 43.562324)",46.72445297241211
468,9,8,9;10;11;12;3;1;2;6;8;,25;27;33;35;5;1;4;16;,"LINESTRING (-96.731241 43.548596, -96.731438 43.545271, -96.746841 43.544131, -96.780137 43.543941, -96.774303 43.572962, -96.770420 43.612828, -96.711251 43.605813, -96.711644 43.587586, -96.711382 43.562324)",0.0
469,9,11,9;5;4;11;,23;11;10;,"LINESTRING (-96.731241 43.548596, -96.731569 43.564034, -96.747168 43.563654, -96.746841 43.544131)",0.1735234558582306
470,9,11,9;10;11;,25;27;,"LINESTRING (-96.731241 43.548596, -96.731438 43.545271, -96.746841 43.544131)",1399.826416015625
471,9,12,9;5;4;3;12;,23;11;8;7;,"LINESTRING (-96.731241 43.548596, -96.731569 43.564034, -96.747168 43.563654, -96.774303 43.572962, -96.780137 43.543941)",50.764198303222656
472,9,12,9;10;11;12;,25;27;33;,"LINESTRING (-96.731241 43.548596, -96.731438 43.545271, -96.746841 43.544131, -96.780137 43.543941)",549.2357788085938
473,9,13,9;5;4;3;12;13;,23;11;8;7;37;,"LINESTRING (-96.731241 43.548596, -96.731569 43.564034, -96.747168 43.563654, -96.774303 43.572962, -96.780137 43.543941, -96.793377 43.490707)",91.17442321777344
474,9,13,9;10;11;12;13;,25;27;33;37;,"LINESTRING (-96.731241 43.548596, -96.731438 43.545271, -96.746841 43.544131, -96.780137 43.543941, -96.793377 43.490707)",508.8255615234375
475,9,14,9;10;11;14;,25;27;34;,"LINESTRING (-96.731241 43.548596, -96.731438 43.545271, -96.746841 43.544131, -96.751035 43.529306)",79.71731567382812
476,9,14,9;10;15;14;,25;28;44;,"LINESTRING (-96.731241 43.548596, -96.731438 43.545271, -96.731504 43.529401, -96.751035 43.529306)",70.71337890625
477,9,14,9;10;15;22;23;14;,25;28;46;70;71;,"LINESTRING (-96.731241 43.548596, -96.731438 43.545271, -96.731504 43.529401, -96.731241 43.514858, -96.750904 43.514858, -96.751035 43.529306)",449.5693054199219
478,9,15,9;10;15;,25;28;,"LINESTRING (-96.731241 43.548596, -96.731438 43.545271, -96.731504 43.529401)",70.09834289550781
479,9,15,9;10;11;14;15;,25;27;34;41;,"LINESTRING (-96.731241 43.548596, -96.731438 43.545271, -96.746841 43.544131, -96.751035 43.529306, -96.731504 43.529401)",829.9016723632812
480,9,16,9;8;16;,24;22;,"LINESTRING (-96.731241 43.548596, -96.711382 43.562324, -96.711382 43.546744)",70.58478546142578
481,9,16,9;10;16;,25;29;,"LINESTRING (-96.731241 43.548596, -96.731438 43.545271, -96.711382 43.546744)",30.53287696838379
482,9,16,9;8;7;18;16;,24;20;18;55;,"LINESTRING (-96.731241 43.548596, -96.711382 43.562324, -96.693423 43.563844, -96.694078 43.546744, -96.711382 43.546744)",1298.88232421875
483,9,17,9;10;17;,25;30;,"LINESTRING (-96.731241 43.548596, -96.731438 43.545271, -96.711382 43.541280)",53.50613784790039
484,9,17,9;10;16;17;,25;29;49;,"LINESTRING (-96.731241 43.548596, -96.731438 43.545271, -96.711382 43.546744, -96.711382 43.541280)",846.4938354492188
485,9,18,9;8;7;18;,24;20;18;,"LINESTRING (-96.731241 43.548596, -96.711382 43.562324, -96.693423 43.563844, -96.694078 43.546744)",32.60011672973633
486,9,18,9;10;16;18;,25;29;50;,"LINESTRING (-96.731241 43.548596, -96.731438 43.545271, -96.711382 43.546744, -96.694078 43.546744)",66.65778350830078
487,9,18,9;10;11;14;15;22;21;20;18;,25;27;34;41;46;69;64;60;,"LINESTRING (-96.731241 43.548596, -96.731438 43.545271, -96.746841 43.544131, -96.751035 43.529306, -96.731504 43.529401, -96.731241 43.514858, -96.730979 43.510485, -96.711185 43.515333, -96.694078 43.546744)",100.74209594726562
488,9,19,9;10;15;19;,25;28;45;,"LINESTRING (-96.731241 43.548596, -96.731438 43.545271, -96.731504 43.529401, -96.711316 43.529591)",78.48283386230469
489,9,19,9;10;16;17;19;,25;29;49;53;,"LINESTRING (-96.731241 43.548596, -96.731438 43.545271, -96.711382 43.546744, -96.711382 43.541280, -96.711316 43.529591)",78.19652557373047
490,9,19,9;10;11;14;15;19;,25;27;34;41;45;,"LINESTRING (-96.731241 43.548596, -96.731438 43.545271, -96.746841 43.544131, -96.751035 43.529306, -96.731504 43.529401, -96.711316 43.529591)",243.32064819335938
491,9,20,9;8;7;18;20;,24;20;18;56;,"LINESTRING (-96.731241 43.548596, -96.711382 43.562324, -96.693423 43.563844, -96.694078 43.546744, -96.711185 43.515333)",41.649879455566406
492,9,20,9;10;15;19;20;,25;28;45;59;,"LINESTRING (-96.731241 43.548596, -96.731438 43.545271, -96.731504 43.529401, -96.711316 43.529591, -96.711185 43.515333)",0.9965983033180237
493,9,20,9;10;16;18;20;,25;29;50;56;,"LINESTRING (-96.731241 43.548596, -96.731438 43.545271, -96.711382 43.546744, -96.694078 43.546744, -96.711185 43.515333)",89.5078125
494,9,20,9;10;11;14;15;22;21;20;,25;27;34;41;46;69;64;,"LINESTRING (-96.731241 43.548596, -96.731438 43.545271, -96.746841 43.544131, -96.751035 43.529306, -96.731504 43.529401, -96.731241 43.514858, -96.730979 43.510485, -96.711185 43.515333)",467.845703125
495,9,21,9;10;15;22;21;,25;28;46;69;,"LINESTRING (-96.731241 43.548596, -96.731438 43.545271, -96.731504 43.529401, -96.731241 43.514858, -96.730979 43.510485)",37.1104736328125
496,9,21,9;5;4;3;12;13;24;21;,23;11;8;7;37;39;75;,"LINESTRING (-96.731241 43.548596, -96.731569 43.564034, -96.747168 43.563654, -96.774303 43.572962, -96.780137 43.543941, -96.793377 43.490707, -96.749200 43.503164, -96.730979 43.510485)",19.5062198638916
497,9,21,9;10;15;19;20;21;,25;28;45;59;62;,"LINESTRING (-96.731241 43.548596, -96.731438 43.545271, -96.731504 43.529401, -96.711316 43.529591, -96.711185 43.515333, -96.730979 43.510485)",69.23957824707031
498,9,21,9;10;11;14;15;22;21;,25;27;34;41;46;69;,"LINESTRING (-96.731241 43.548596, -96.731438 43.545271, -96.746841 43.544131, -96.751035 43.529306, -96.731504 43.529401, -96.731241 43.514858, -96.730979 43.510485)",38.55615234375
499,9,21,9;10;11;14;23;24;21;,25;27;34;42;73;75;,"LINESTRING (-96.731241 43.548596, -96.731438 43.545271, -96.746841 43.544131, -96.751035 43.529306, -96.750904 43.514858, -96.749200 43.503164, -96.730979 43.510485)",135.58758544921875
500,9,22,9;10;15;22;,25;28;46;,"LINESTRING (-96.731241 43.548596, -96.731438 43.545271, -96.731504 43.529401, -96.731241 43.514858)",41.359676361083984
501,9,22,9;10;11;14;15;22;,25;27;34;41;46;,"LINESTRING (-96.731241 43.548596, -96.731438 43.545271, -96.746841 43.544131, -96.751035 43.529306, -96.731504 43.529401, -96.731241 43.514858)",67.67092895507812
502,9,22,9;10;15;19;20;22;,25;28;45;59;63;,"LINESTRING (-96.731241 43.548596, -96.731438 43.545271, -96.731504 43.529401, -96.711316 43.529591, -96.711185 43.515333, -96.731241 43.514858)",590.9693603515625
503,9,23,9;10;11;14;23;,25;27;34;42;,"LINESTRING (-96.731241 43.548596, -96.731438 43.545271, -96.746841 43.544131, -96.751035 43.529306, -96.750904 43.514858)",31.24805450439453
504,9,23,9;10;15;14;23;,25;28;44;42;,"LINESTRING (-96.731241 43.548596, -96.731438 43.545271, -96.731504 43.529401, -96.751035 43.529306, -96.750904 43.514858)",38.46342849731445
505,9,23,9;10;15;22;23;,25;28;46;70;,"LINESTRING (-96.731241 43.548596, -96.731438 43.545271, -96.731504 43.529401, -96.731241 43.514858, -96.750904 43.514858)",81.53657531738281
506,9,23,9;10;15;19;20;22;23;,25;28;45;59;63;70;,"LINESTRING (-96.731241 43.548596, -96.731438 43.545271, -96.731504 43.529401, -96.711316 43.529591, -96.711185 43.515333, -96.731241 43.514858, -96.750904 43.514858)",26.296133041381836
507,9,23,9;10;15;22;21;24;23;,25;28;46;69;66;76;,"LINESTRING (-96.731241 43.548596, -96.731438 43.545271, -96.731504 43.529401, -96.731241 43.514858, -96.730979 43.510485, -96.749200 43.503164, -96.750904 43.514858)",322.455810546875
508,9,24,9;5;4;3;12;13;24;,23;11;8;7;37;39;,"LINESTRING (-96.731241 43.548596, -96.731569 43.564034, -96.747168 43.563654, -96.774303 43.572962, -96.780137 43.543941, -96.793377 43.490707, -96.749200 43.503164)",69.89412689208984
509,9,24,9;10;11;14;23;24;,25;27;34;42;73;,"LINESTRING (-96.731241 43.548596, -96.731438 43.545271, -96.746841 43.544131, -96.751035 43.529306, -96.750904 43.514858, -96.749200 43.503164)",35.01934814453125
510,9,24,9;10;15;22;21;24;,25;28;46;69;66;,"LINESTRING (-96.731241 43.548596, -96.731438 43.545271, -96.731504 43.529401, -96.731241 43.514858, -96.730979 43.510485, -96.749200 43.503164)",36.05540466308594
511,9,24,9;10;11;14;15;22;21;24;,25;27;34;41;46;69;66;,"LINESTRING (-96.731241 43.548596, -96.731438 43.545271, -96.746841 43.544131, -96.751035 43.529306, -96.731504 43.529401, -96.731241 43.514858, -96.730979 43.510485, -96.749200 43.503164)",94.91960144042969
512,9,24,9;10;15;19;20;22;23;24;,25;28;45;59;63;70;73;,"LINESTRING (-96.731241 43.548596, -96.731438 43.545271, -96.731504 43.529401, -96.711316 43.529591, -96.711185 43.515333, -96.731241 43.514858, -96.750904 43.514858, -96.749200 43.503164)",0.0
513,10,1,10;11;4;3;1;,27;31;8;5;,"LINESTRING (-96.731438 43.545271, -96.746841 43.544131, -96.747168 43.563654, -96.774303 43.572962, -96.770420 43.612828)",74.1503677368164
514,10,1,10;9;5;4;3;1;,26;23;11;8;5;,"LINESTRING (-96.731438 43.545271, -96.731241 43.548596, -96.731569 43.564034, -96.747168 43.563654, -96.774303 43.572962, -96.770420 43.612828)",15.46634578704834
515,10,1,10;11;12;3;1;,27;33;35;5;,"LINESTRING (-96.731438 43.545271, -96.746841 43.544131, -96.780137 43.543941, -96.774303 43.572962, -96.770420 43.612828)",1210.38330078125
516,10,2,10;9;5;4;3;1;2;,26;23;11;8;5;1;,"LINESTRING (-96.731438 43.545271, -96.731241 43.548596, -96.731569 43.564034, -96.747168 43.563654, -96.774303 43.572962, -96.770420 43.612828, -96.711251 43.605813)",22.1263370513916
517,10,2,10;9;5;6;2;,26;23;12;14;,"LINESTRING (-96.731438 43.545271, -96.731241 43.548596, -96.731569 43.564034, -96.711644 43.587586, -96.711251 43.605813)",18.601476669311523
518,10,2,10;11;12;3;1;2;,27;33;35;5;1;,"LINESTRING (-96.731438 43.545271, -96.746841 43.544131, -96.780137 43.543941, -96.774303 43.572962, -96.770420 43.612828, -96.711251 43.605813)",70.15998840332031
519,10,2,10;16;8;6;2;,29;47;19;14;,"LINESTRING (-96.731438 43.545271, -96.711382 43.546744, -96.711382 43.562324, -96.711644 43.587586, -96.711251 43.605813)",489.1121826171875
520,10,3,10;11;4;3;,27;31;8;,"LINESTRING (-96.731438 43.545271, -96.746841 43.544131, -96.747168 43.563654, -96.774303 43.572962)",75.94178771972656
521,10,3,10;9;5;4;3;,26;23;11;8;,"LINESTRING (-96.731438 43.545271, -96.731241 43.548596, -96.731569 43.564034, -96.747168 43.563654, -96.774303 43.572962)",15.461552619934082
522,10,3,10;11;12;3;,27;33;35;,"LINESTRING (-96.731438 43.545271, -96.746841 43.544131, -96.780137 43.543941, -96.774303 43.572962)",208.59664916992188
523,10,4,10;11;4;,27;31;,"LINESTRING (-96.731438 43.545271, -96.746841 43.544131, -96.747168 43.563654)",37.467350006103516
524,10,4,10;9;5;4;,26;23;11;,"LINESTRING (-96.731438 43.545271, -96.731241 43.548596, -96.731569 43.564034, -96.747168 43.563654)",81.97761535644531
525,10,4,10;11;12;3;4;,27;33;35;6;,"LINESTRING (-96.731438 43.545271, -96.746841 43.544131, -96.780137 43.543941, -96.774303 43.572962, -96.747168 43.563654)",1080.5550537109375
526,10,5,10;9;5;,26;23;,"LINESTRING (-96.731438 43.545271, -96.731241 43.548596, -96.731569 43.564034)",54.52311706542969
527,10,5,10;11;4;5;,27;31;9;,"LINESTRING (-96.731438 43.545271, -96.746841 43.544131, -96.747168 43.563654, -96.731569 43.564034)",35.252254486083984
528,10,5,10;11;12;3;4;5;,27;33;35;6;9;,"LINESTRING (-96.731438 43.545271, -96.746841 43.544131, -96.780137 43.543941, -96.774303 43.572962, -96.747168 43.563654, -96.731569 43.564034)",910.224609375
529,10,6,10;9;5;6;,26;23;12;,"LINESTRING (-96.731438 43.545271, -96.731241 43.548596, -96.731569 43.564034, -96.711644 43.587586)",12.770247459411621
530,10,6,10;11;4;5;6;,27;31;9;12;,"LINESTRING (-96.731438 43.545271, -96.746841 43.544131, -96.747168 43.563654, -96.731569 43.564034, -96.711644 43.587586)",83.28468322753906
531,10,6,10;16;8;6;,29;47;19;,"LINESTRING (-96.731438 43.545271, -96.711382 43.546744, -96.711382 43.562324, -96.711644 43.587586)",51.06478500366211
532,10,6,10;11;12;3;1;2;6;,27;33;35;5;1;4;,"LINESTRING (-96.731438 43.545271, -96.746841 43.544131, -96.780137 43.543941, -96.774303 43.572962, -96.770420 43.612828, -96.711251 43.605813, -96.711644 43.587586)",652.8802490234375
533,10,7,10;9;8;7;,26;24;20;,"LINESTRING (-96.731438 43.545271, -96.731241 43.548596, -96.711382 43.562324, -96.693423 43.563844)",48.28883743286133
534,10,7,10;16;18;7;,29;50;54;,"LINESTRING (-96.731438 43.545271, -96.711382 43.546744, -96.694078 43.546744, -96.693423 43.563844)",86.4207534790039
535,10,7,10;11;12;3;1;2;6;8;7;,27;33;35;5;1;4;16;20;,"LINESTRING (-96.731438 43.545271, -96.746841 43.544131, -96.780137 43.543941, -96.774303 43.572962, -96.770420 43.612828, -96.711251 43.605813, -96.711644 43.587586, -96.711382 43.562324, -96.693423 43.563844)",1765.29052734375
536,10,8,10;9;8;,26;24;,"LINESTRING (-96.731438 43.545271, -96.731241 43.548596, -96.711382 43.562324)",33.61886978149414
537,10,8,10;16;8;,29;47;,"LINESTRING (-96.731438 43.545271, -96.711382 43.546744, -96.711382 43.562324)",40.09206771850586
538,10,8,10;11;12;3;1;2;6;8;,27;33;35;5;1;4;16;,"LINESTRING (-96.731438 43.545271, -96.746841 43.544131, -96.780137 43.543941, -96.774303 43.572962, -96.770420 43.612828, -96.711251 43.605813, -96.711644 43.587586, -96.711382 43.562324)",1526.2890625
539,10,11,10;9;5;4;11;,26;23;11;10;,"LINESTRING (-96.731438 43.545271, -96.731241 43.548596, -96.731569 43.564034, -96.747168 43.563654, -96.746841 43.544131)",0.0
540,10,12,10;11;12;,27;33;,"LINESTRING (-96.731438 43.545271, -96.746841 43.544131, -96.780137 43.543941)",75.87841033935547
541,10,12,10;9;5;4;3;12;,26;23;11;8;7;,"LINESTRING (-96.731438 43.545271, -96.731241 43.548596, -96.731569 43.564034, -96.747168 43.563654, -96.774303 43.572962, -96.780137 43.543941)",1924.12158203125
542,10,13,10;11;12;13;,27;33;37;,"LINESTRING (-96.731438 43.545271, -96.746841 43.544131, -96.780137 43.543941, -96.793377 43.490707)",95.6527328491211
543,10,13,10;9;5;4;3;12;13;,26;23;11;8;7;37;,"LINESTRING (-96.731438 43.545271, -96.731241 43.548596, -96.731569 43.564034, -96.747168 43.563654, -96.774303 43.572962, -96.780137 43.543941, -96.793377 43.490707)",1804.3472900390625
544,10,14,10;11;14;,27;34;,"LINESTRING (-96.731438 43.545271, -96.746841 43.544131, -96.751035 43.529306)",67.74070739746094
545,10,14,10;15;14;,28;44;,"LINESTRING (-96.731438 43.545271, -96.731504 43.529401, -96.751035 43.529306)",78.77322387695312
546,10,14,10;15;22;23;14;,28;46;70;71;,"LINESTRING (-96.731438 43.545271, -96.731504 43.529401, -96.731241 43.514858, -96.750904 43.514858, -96.751035 43.529306)",1953.486083984375
547,10,15,10;11;14;15;,27;34;41;,"LINESTRING (-96.731438 43.545271, -96.746841 43.544131, -96.751035 43.529306, -96.731504 43.529401)",0.0
548,10,16,10;9;8;7;18;16;,26;24;20;18;55;,"LINESTRING (-96.731438 43.545271, -96.731241 43.548596, -96.711382 43.562324, -96.693423 43.563844, -96.694078 43.546744, -96.711382 43.546744)",71.53565979003906
549,10,16,10;15;19;20;18;16;,28;45;59;60;55;,"LINESTRING (-96.731438 43.545271, -96.731504 43.529401, -96.711316 43.529591, -96.711185 43.515333, -96.694078 43.546744, -96.711382 43.546744)",0.0
550,10,17,10;16;17;,29;49;,"LINESTRING (-96.731438 43.545271, -96.711382 43.546744, -96.711382 43.541280)",0.0
551,10,18,10;16;18;,29;50;,"LINESTRING (-96.731438 43.545271, -96.711382 43.546744, -96.694078 43.546744)",26.76165199279785
552,10,18,10;9;8;7;18;,26;24;20;18;,"LINESTRING (-96.731438 43.545271, -96.731241 43.548596, -96.711382 43.562324, -96.693423 43.563844, -96.694078 43.546744)",59.365360260009766
553,10,18,10;15;19;20;18;,28;45;59;60;,"LINESTRING (-96.731438 43.545271, -96.731504 43.529401, -96.711316 43.529591, -96.711185 43.515333, -96.694078 43.546744)",29.822359085083008
554,10,18,10;11;14;15;22;21;20;18;,27;34;41;46;69;64;60;,"LINESTRING (-96.731438 43.545271, -96.746841 43.544131, -96.751035 43.529306, -96.731504 43.529401, -96.731241 43.514858, -96.730979 43.510485, -96.711185 43.515333, -96.694078 43.546744)",584.0506591796875
555,10,19,10;15;19;,28;45;,"LINESTRING (-96.731438 43.545271, -96.731504 43.529401, -96.711316 43.529591)",72.97982788085938
556,10,19,10;16;17;19;,29;49;53;,"LINESTRING (-96.731438 43.545271, -96.711382 43.546744, -96.711382 43.541280, -96.711316 43.529591)",4.778533458709717
557,10,19,10;11;14;15;19;,27;34;41;45;,"LINESTRING (-96.731438 43.545271, -96.746841 43.544131, -96.751035 43.529306, -96.731504 43.529401, -96.711316 43.529591)",1722.24169921875
558,10,20,10;15;19;20;,28;45;59;,"LINESTRING (-96.731438 43.545271, -96.731504 43.529401, -96.711316 43.529591, -96.711185 43.515333)",44.64504623413086
559,10,20,10;16;18;20;,29;50;56;,"LINESTRING (-96.731438 43.545271, -96.711382 43.546744, -96.694078 43.546744, -96.711185 43.515333)",13.306550979614258
560,10,20,10;9;8;7;18;20;,26;24;20;18;56;,"LINESTRING (-96.731438 43.545271, -96.731241 43.548596, -96.711382 43.562324, -96.693423 43.563844, -96.694078 43.546744, -96.711185 43.515333)",70.48340606689453
561,10,20,10;15;22;21;20;,28;46;69;64;,"LINESTRING (-96.731438 43.545271, -96.731504 43.529401, -96.731241 43.514858, -96.730979 43.510485, -96.711185 43.515333)",96.8089370727539
562,10,20,10;11;14;15;22;21;20;,27;34;41;46;69;64;,"LINESTRING (-96.731438 43.545271, -96.746841 43.544131, -96.751035 43.529306, -96.731504 43.529401, -96.731241 43.514858, -96.730979 43.510485, -96.711185 43.515333)",2274.756103515625
563,10,21,10;15;22;21;,28;46;69;,"LINESTRING (-96.731438 43.545271, -96.731504 43.529401, -96.731241 43.514858, -96.730979 43.510485)",19.149417877197266
564,10,21,10;15;19;20;21;,28;45;59;62;,"LINESTRING (-96.731438 43.545271, -96.731504 43.529401, -96.711316 43.529591, -96.711185 43.515333, -96.730979 43.510485)",73.35352325439453
565,10,21,10;11;14;15;22;21;,27;34;41;46;69;,"LINESTRING (-96.731438 43.545271, -96.746841 43.544131, -96.751035 43.529306, -96.731504 43.529401, -96.731241 43.514858, -96.730979 43.510485)",44.64895248413086
566,10,21,10;11;14;23;24;21;,27;34;42;73;75;,"LINESTRING (-96.731438 43.545271, -96.746841 43.544131, -96.751035 43.529306, -96.750904 43.514858, -96.749200 43.503164, -96.730979 43.510485)",1062.84814453125
567,10,22,10;15;22;,28;46;,"LINESTRING (-96.731438 43.545271, -96.731504 43.529401, -96.731241 43.514858)",94.30643463134766
568,10,22,10;11;14;15;22;,27;34;41;46;,"LINESTRING (-96.731438 43.545271, -96.746841 43.544131, -96.751035 43.529306, -96.731504 43.529401, -96.731241 43.514858)",30.95990562438965
569,10,22,10;15;19;20;22;,28;45;59;63;,"LINESTRING (-96.731438 43.545271, -96.731504 43.529401, -96.711316 43.529591, -96.711185 43.515333, -96.731241 43.514858)",2474.733642578125
570,10,23,10;11;14;23;,27;34;42;,"LINESTRING (-96.731438 43.545271, -96.746841 43.544131, -96.751035 43.529306, -96.750904 43.514858)",96.537109375
571,10,23,10;15;14;23;,28;44;42;,"LINESTRING (-96.731438 43.545271, -96.731504 43.529401, -96.751035 43.529306, -96.750904 43.514858)",4.192939758300781
572,10,23,10;15;22;23;,28;46;70;,"LINESTRING (-96.731438 43.545271, -96.731504 43.529401, -96.731241 43.514858, -96.750904 43.514858)",97.28192901611328
573,10,23,10;15;19;20;22;23;,28;45;59;63;70;,"LINESTRING (-96.731438 43.545271, -96.731504 43.529401, -96.711316 43.529591, -96.711185 43.515333, -96.731241 43.514858, -96.750904 43.514858)",97.4729232788086
574,10,23,10;15;22;21;24;23;,28;46;69;66;76;,"LINESTRING (-96.731438 43.545271, -96.731504 43.529401, -96.731241 43.514858, -96.730979 43.510485, -96.749200 43.503164, -96.750904 43.514858)",1504.51513671875
575,10,24,10;11;14;23;24;,27;34;42;73;,"LINESTRING (-96.731438 43.545271, -96.746841 43.544131, -96.751035 43.529306, -96.750904 43.514858, -96.749200 43.503164)",24.734834671020508
576,10,24,10;15;14;23;24;,28;44;42;73;,"LINESTRING (-96.731438 43.545271, -96.731504 43.529401, -96.751035 43.529306, -96.750904 43.514858, -96.749200 43.503164)",92.89030456542969
577,10,24,10;15;22;21;24;,28;46;69;66;,"LINESTRING (-96.731438 43.545271, -96.731504 43.529401, -96.731241 43.514858, -96.730979 43.510485, -96.749200 43.503164)",71.79309844970703
578,10,24,10;15;22;23;24;,28;46;70;73;,"LINESTRING (-96.731438 43.545271, -96.731504 43.529401, -96.731241 43.514858, -96.750904 43.514858, -96.749200 43.503164)",48.15629577636719
579,10,24,10;11;14;15;22;21;24;,27;34;41;46;69;66;,"LINESTRING (-96.731438 43.545271, -96.746841 43.544131, -96.751035 43.529306, -96.731504 43.529401, -96.731241 43.514858, -96.730979 43.510485, -96.749200 43.503164)",70.73548126220703
580,10,24,10;15;19;20;22;23;24;,28;45;59;63;70;73;,"LINESTRING (-96.731438 43.545271, -96.731504 43.529401, -96.711316 43.529591, -96.711185 43.515333, -96.731241 43.514858, -96.750904 43.514858, -96.749200 43.503164)",491.6899719238281
581,11,1,11;4;3;1;,31;8;5;,"LINESTRING (-96.746841 43.544131, -96.747168 43.563654, -96.774303 43.572962, -96.770420 43.612828)",91.95807647705078
582,11,1,11;12;3;1;,33;35;5;,"LINESTRING (-96.746841 43.544131, -96.780137 43.543941, -96.774303 43.572962, -96.770420 43.612828)",408.04193115234375
583,11,2,11;4;3;1;2;,31;8;5;1;,"LINESTRING (-96.746841 43.544131, -96.747168 43.563654, -96.774303 43.572962, -96.770420 43.612828, -96.711251 43.605813)",66.66544342041016
584,11,2,11;4;5;6;2;,31;9;12;14;,"LINESTRING (-96.746841 43.544131, -96.747168 43.563654, -96.731569 43.564034, -96.711644 43.587586, -96.711251 43.605813)",32.39476013183594
585,11,2,11;12;3;1;2;,33;35;5;1;,"LINESTRING (-96.746841 43.544131, -96.780137 43.543941, -96.774303 43.572962, -96.770420 43.612828, -96.711251 43.605813)",100.9397964477539
586,11,3,11;4;3;,31;8;,"LINESTRING (-96.746841 43.544131, -96.747168 43.563654, -96.774303 43.572962)",65.5784683227539
587,11,3,11;12;3;,33;35;,"LINESTRING (-96.746841 43.544131, -96.780137 43.543941, -96.774303 43.572962)",234.42153930664062
588,11,4,11;12;3;4;,33;35;6;,"LINESTRING (-96.746841 43.544131, -96.780137 43.543941, -96.774303 43.572962, -96.747168 43.563654)",0.0
589,11,5,11;4;5;,31;9;,"LINESTRING (-96.746841 43.544131, -96.747168 43.563654, -96.731569 43.564034)",89.57006072998047
590,11,5,11;12;3;4;5;,33;35;6;9;,"LINESTRING (-96.746841 43.544131, -96.780137 43.543941, -96.774303 43.572962, -96.747168 43.563654, -96.731569 43.564034)",410.429931640625
591,11,6,11;4;5;6;,31;9;12;,"LINESTRING (-96.746841 43.544131, -96.747168 43.563654, -96.731569 43.564034, -96.711644 43.587586)",16.423580169677734
592,11,6,11;12;3;1;2;6;,33;35;5;1;4;,"LINESTRING (-96.746841 43.544131, -96.780137 43.543941, -96.774303 43.572962, -96.770420 43.612828, -96.711251 43.605813, -96.711644 43.587586)",383.576416015625
593,11,7,11;4;5;6;8;7;,31;9;12;16;20;,"LINESTRING (-96.746841 43.544131, -96.747168 43.563654, -96.731569 43.564034, -96.711644 43.587586, -96.711382 43.562324, -96.693423 43.563844)",94.92894744873047
594,11,7,11;4;5;9;8;7;,31;9;13;24;20;,"LINESTRING (-96.746841 43.544131, -96.747168 43.563654, -96.731569 43.564034, -96.731241 43.548596, -96.711382 43.562324, -96.693423 43.563844)",85.1859359741211
595,11,7,11;10;9;8;7;,32;26;24;20;,"LINESTRING (-96.746841 43.544131, -96.731438 43.545271, -96.731241 43.548596, -96.711382 43.562324, -96.693423 43.563844)",66.34345245361328
596,11,7,11;12;3;1;2;6;8;7;,33;35;5;1;4;16;20;,"LINESTRING (-96.746841 43.544131, -96.780137 43.543941, -96.774303 43.572962, -96.770420 43.612828, -96.711251 43.605813, -96.711644 43.587586, -96.711382 43.562324, -96.693423 43.563844)",77.12142181396484
597,11,7,11;10;16;18;7;,32;29;50;54;,"LINESTRING (-96.746841 43.544131, -96.731438 43.545271, -96.711382 43.546744, -96.694078 43.546744, -96.693423 43.563844)",176.42022705078125
598,11,8,11;4;5;6;8;,31;9;12;16;,"LINESTRING (-96.746841 43.544131, -96.747168 43.563654, -96.731569 43.564034, -96.711644 43.587586, -96.711382 43.562324)",95.93960571289062
599,11,8,11;4;5;9;8;,31;9;13;24;,"LINESTRING (-96.746841 43.544131, -96.747168 43.563654, -96.731569 43.564034, -96.731241 43.548596, -96.711382 43.562324)",93.60071563720703
600,11,8,11;10;9;8;,32;26;24;,"LINESTRING (-96.746841 43.544131, -96.731438 43.545271, -96.731241 43.548596, -96.711382 43.562324)",91.51165008544922
601,11,8,11;12;3;1;2;6;8;,33;35;5;1;4;16;,"LINESTRING (-96.746841 43.544131, -96.780137 43.543941, -96.774303 43.572962, -96.770420 43.612828, -96.711251 43.605813, -96.711644 43.587586, -96.711382 43.562324)",48.450321197509766
602,11,8,11;10;16;8;,32;29;47;,"LINESTRING (-96.746841 43.544131, -96.731438 43.545271, -96.711382 43.546744, -96.711382 43.562324)",470.4977111816406
603,11,9,11;4;5;9;,31;9;13;,"LINESTRING (-96.746841 43.544131, -96.747168 43.563654, -96.731569 43.564034, -96.731241 43.548596)",91.69591522216797
604,11,9,11;10;9;,32;26;,"LINESTRING (-96.746841 43.544131, -96.731438 43.545271, -96.731241 43.548596)",1308.3040771484375
605,11,12,11;4;3;12;,31;8;7;,"LINESTRING (-96.746841 43.544131, -96.747168 43.563654, -96.774303 43.572962, -96.780137 43.543941)",22.417999267578125
606,11,13,11;12;13;,33;37;,"LINESTRING (-96.746841 43.544131, -96.780137 43.543941, -96.793377 43.490707)",44.22287368774414
607,11,13,11;4;3;12;13;,31;8;7;37;,"LINESTRING (-96.746841 43.544131, -96.747168 43.563654, -96.774303 43.572962, -96.780137 43.543941, -96.793377 43.490707)",955.7772216796875
608,11,14,11;10;15;14;,32;28;44;,"LINESTRING (-96.746841 43.544131, -96.731438 43.545271, -96.731504 43.529401, -96.751035 43.529306)",23.66039276123047
609,11,14,11;4;3;12;13;24;23;14;,31;8;7;37;39;76;71;,"LINESTRING (-96.746841 43.544131, -96.747168 43.563654, -96.774303 43.572962, -96.780137 43.543941, -96.793377 43.490707, -96.749200 43.503164, -96.750904 43.514858, -96.751035 43.529306)",0.0
610,11,15,11;10;15;,32;28;,"LINESTRING (-96.746841 43.544131, -96.731438 43.545271, -96.731504 43.529401)",75.97402954101562
611,11,15,11;14;15;,34;41;,"LINESTRING (-96.746841 43.544131, -96.751035 43.529306, -96.731504 43.529401)",1324.0260009765625
612,11,16,11;10;16;,32;29;,"LINESTRING (-96.746841 43.544131, -96.731438 43.545271, -96.711382 43.546744)",54.9439582824707
613,11,16,11;12;3;1;2;6;8;16;,33;35;5;1;4;16;22;,"LINESTRING (-96.746841 43.544131, -96.780137 43.543941, -96.774303 43.572962, -96.770420 43.612828, -96.711251 43.605813, -96.711644 43.587586, -96.711382 43.562324, -96.711382 43.546744)",42.360233306884766
614,11,16,11;4;5;6;8;7;18;16;,31;9;12;16;20;18;55;,"LINESTRING (-96.746841 43.544131, -96.747168 43.563654, -96.731569 43.564034, -96.711644 43.587586, -96.711382 43.562324, -96.693423 43.563844, -96.694078 43.546744, -96.711382 43.546744)",48.34787368774414
615,11,16,11;4;5;9;8;7;18;16;,31;9;13;24;20;18;55;,"LINESTRING (-96.746841 43.544131, -96.747168 43.563654, -96.731569 43.564034, -96.731241 43.548596, -96.711382 43.562324, -96.693423 43.563844, -96.694078 43.546744, -96.711382 43.546744)",48.3399772644043
616,11,16,11;10;9;8;7;18;16;,32;26;24;20;18;55;,"LINESTRING (-96.746841 43.544131, -96.731438 43.545271, -96.731241 43.548596, -96.711382 43.562324, -96.693423 43.563844, -96.694078 43.546744, -96.711382 43.546744)",1206.0079345703125
617,11,17,11;10;17;,32;30;,"LINESTRING (-96.746841 43.544131, -96.731438 43.545271, -96.711382 43.541280)",45.05895233154297
618,11,17,11;10;16;17;,32;29;49;,"LINESTRING (-96.746841 43.544131, -96.731438 43.545271, -96.711382 43.546744, -96.711382 43.541280)",46.32584762573242
619,11,17,11;14;15;19;17;,34;41;45;58;,"LINESTRING (-96.746841 43.544131, -96.751035 43.529306, -96.731504 43.529401, -96.711316 43.529591, -96.711382 43.541280)",908.615234375
620,11,18,11;4;5;6;8;7;18;,31;9;12;16;20;18;,"LINESTRING (-96.746841 43.544131, -96.747168 43.563654, -96.731569 43.564034, -96.711644 43.587586, -96.711382 43.562324, -96.693423 43.563844, -96.694078 43.546744)",73.33964538574219
621,11,18,11;10;16;18;,32;29;50;,"LINESTRING (-96.746841 43.544131, -96.731438 43.545271, -96.711382 43.546744, -96.694078 43.546744)",1.903275728225708
622,11,18,11;4;5;9;8;7;18;,31;9;13;24;20;18;,"LINESTRING (-96.746841 43.544131, -96.747168 43.563654, -96.731569 43.564034, -96.731241 43.548596, -96.711382 43.562324, -96.693423 43.563844, -96.694078 43.546744)",3.061734914779663
623,11,18,11;10;9;8;7;18;,32;26;24;20;18;,"LINESTRING (-96.746841 43.544131, -96.731438 43.545271, -96.731241 43.548596, -96.711382 43.562324, -96.693423 43.563844, -96.694078 43.546744)",56.8495979309082
624,11,18,11;14;15;22;21;20;18;,34;41;46;69;64;60;,"LINESTRING (-96.746841 43.544131, -96.751035 43.529306, -96.731504 43.529401, -96.731241 43.514858, -96.730979 43.510485, -96.711185 43.515333, -96.694078 43.546744)",0.0
625,11,19,11;10;15;19;,32;28;45;,"LINESTRING (-96.746841 43.544131, -96.731438 43.545271, -96.731504 43.529401, -96.711316 43.529591)",85.54238891601562
626,11,19,11;14;15;19;,34;41;45;,"LINESTRING (-96.746841 43.544131, -96.751035 43.529306, -96.731504 43.529401, -96.711316 43.529591)",314.4576110839844
627,11,20,11;10;15;19;20;,32;28;45;59;,"LINESTRING (-96.746841 43.544131, -96.731438 43.545271, -96.731504 43.529401, -96.711316 43.529591, -96.711185 43.515333)",51.510555267333984
628,11,20,11;10;16;18;20;,32;29;50;56;,"LINESTRING (-96.746841 43.544131, -96.731438 43.545271, -96.711382 43.546744, -96.694078 43.546744, -96.711185 43.515333)",87.94187927246094
629,11,20,11;10;9;8;7;18;20;,32;26;24;20;18;56;,"LINESTRING (-96.746841 43.544131, -96.731438 43.545271, -96.731241 43.548596, -96.711382 43.562324, -96.693423 43.563844, -96.694078 43.546744, -96.711185 43.515333)",50.86179733276367
630,11,20,11;14;15;19;20;,34;41;45;59;,"LINESTRING (-96.746841 43.544131, -96.751035 43.529306, -96.731504 43.529401, -96.711316 43.529591, -96.711185 43.515333)",74.56654357910156
631,11,20,11;10;15;22;21;20;,32;28;46;69;64;,"LINESTRING (-96.746841 43.544131, -96.731438 43.545271, -96.731504 43.529401, -96.731241 43.514858, -96.730979 43.510485, -96.711185 43.515333)",66.79039764404297
632,11,20,11;14;15;22;21;20;,34;41;46;69;64;,"LINESTRING (-96.746841 43.544131, -96.751035 43.529306, -96.731504 43.529401, -96.731241 43.514858, -96.730979 43.510485, -96.711185 43.515333)",268.32879638671875
633,11,21,11;10;15;22;21;,32;28;46;69;,"LINESTRING (-96.746841 43.544131, -96.731438 43.545271, -96.731504 43.529401, -96.731241 43.514858, -96.730979 43.510485)",79.0694808959961
634,11,21,11;12;13;24;21;,33;37;39;75;,"LINESTRING (-96.746841 43.544131, -96.780137 43.543941, -96.793377 43.490707, -96.749200 43.503164, -96.730979 43.510485)",28.787944793701172
635,11,21,11;14;15;22;21;,34;41;46;69;,"LINESTRING (-96.746841 43.544131, -96.751035 43.529306, -96.731504 43.529401, -96.731241 43.514858, -96.730979 43.510485)",38.22962951660156
636,11,21,11;4;3;12;13;24;21;,31;8;7;37;39;75;,"LINESTRING (-96.746841 43.544131, -96.747168 43.563654, -96.774303 43.572962, -96.780137 43.543941, -96.793377 43.490707, -96.749200 43.503164, -96.730979 43.510485)",34.332244873046875
637,11,21,11;14;23;24;21;,34;42;73;75;,"LINESTRING (-96.746841 43.544131, -96.751035 43.529306, -96.750904 43.514858, -96.749200 43.503164, -96.730979 43.510485)",86.66426086425781
638,11,21,11;10;15;19;20;21;,32;28;45;59;62;,"LINESTRING (-96.746841 43.544131, -96.731438 43.545271, -96.731504 43.529401, -96.711316 43.529591, -96.711185 43.515333, -96.730979 43.510485)",132.91644287109375
639,11,22,11;10;15;22;,32;28;46;,"LINESTRING (-96.746841 43.544131, -96.731438 43.545271, -96.731504 43.529401, -96.731241 43.514858)",40.89630889892578
640,11,22,11;14;15;22;,34;41;46;,"LINESTRING (-96.746841 43.544131, -96.751035 43.529306, -96.731504 43.529401, -96.731241 43.514858)",47.30158996582031
641,11,22,11;14;23;22;,34;42;72;,"LINESTRING (-96.746841 43.544131, -96.751035 43.529306, -96.750904 43.514858, -96.731241 43.514858)",7.925224781036377
642,11,22,11;10;15;19;20;22;,32;28;45;59;63;,"LINESTRING (-96.746841 43.544131, -96.731438 43.545271, -96.731504 43.529401, -96.711316 43.529591, -96.711185 43.515333, -96.731241 43.514858)",1003.8770141601562
643,11,23,11;14;23;,34;42;,"LINESTRING (-96.746841 43.544131, -96.751035 43.529306, -96.750904 43.514858)",49.399818420410156
644,11,23,11;4;3;12;13;24;23;,31;8;7;37;39;76;,"LINESTRING (-96.746841 43.544131, -96.747168 43.563654, -96.774303 43.572962, -96.780137 43.543941, -96.793377 43.490707, -96.749200 43.503164, -96.750904 43.514858)",1250.6002197265625
645,11,24,11;12;13;24;,33;37;39;,"LINESTRING (-96.746841 43.544131, -96.780137 43.543941, -96.793377 43.490707, -96.749200 43.503164)",40.936580657958984
646,11,24,11;4;3;12;13;24;,31;8;7;37;39;,"LINESTRING (-96.746841 43.544131, -96.747168 43.563654, -96.774303 43.572962, -96.780137 43.543941, -96.793377 43.490707, -96.749200 43.503164)",60.457305908203125
647,11,24,11;14;23;24;,34;42;73;,"LINESTRING (-96.746841 43.544131, -96.751035 43.529306, -96.750904 43.514858, -96.749200 43.503164)",41.72866439819336
648,11,24,11;14;15;22;21;24;,34;41;46;69;66;,"LINESTRING (-96.746841 43.544131, -96.751035 43.529306, -96.731504 43.529401, -96.731241 43.514858, -96.730979 43.510485, -96.749200 43.503164)",456.87744140625
649,12,1,12;3;1;,35;5;,"LINESTRING (-96.780137 43.543941, -96.774303 43.572962, -96.770420 43.612828)",200.0
650,12,2,12;3;1;2;,35;5;1;,"LINESTRING (-96.780137 43.543941, -96.774303 43.572962, -96.770420 43.612828, -96.711251 43.605813)",100.0
651,12,4,12;3;4;,35;6;,"LINESTRING (-96.780137 43.543941, -96.774303 43.572962, -96.747168 43.563654)",600.0
652,12,5,12;3;4;5;,35;6;9;,"LINESTRING (-96.780137 43.543941, -96.774303 43.572962, -96.747168 43.563654, -96.731569 43.564034)",200.0
653,12,6,12;3;1;2;6;,35;5;1;4;,"LINESTRING (-96.780137 43.543941, -96.774303 43.572962, -96.770420 43.612828, -96.711251 43.605813, -96.711644 43.587586)",89.20176696777344
654,12,6,12;3;4;5;6;,35;6;9;12;,"LINESTRING (-96.780137 43.543941, -96.774303 43.572962, -96.747168 43.563654, -96.731569 43.564034, -96.711644 43.587586)",110.79823303222656
655,12,7,12;3;1;2;6;8;7;,35;5;1;4;16;20;,"LINESTRING (-96.780137 43.543941, -96.774303 43.572962, -96.770420 43.612828, -96.711251 43.605813, -96.711644 43.587586, -96.711382 43.562324, -96.693423 43.563844)",73.64973449707031
656,12,7,12;3;4;5;6;8;7;,35;6;9;12;16;20;,"LINESTRING (-96.780137 43.543941, -96.774303 43.572962, -96.747168 43.563654, -96.731569 43.564034, -96.711644 43.587586, -96.711382 43.562324, -96.693423 43.563844)",44.540950775146484
657,12,7,12;3;4;5;9;8;7;,35;6;9;13;24;20;,"LINESTRING (-96.780137 43.543941, -96.774303 43.572962, -96.747168 43.563654, -96.731569 43.564034, -96.731241 43.548596, -96.711382 43.562324, -96.693423 43.563844)",98.59942626953125
658,12,7,12;3;1;2;6;8;16;18;7;,35;5;1;4;16;22;50;54;,"LINESTRING (-96.780137 43.543941, -96.774303 43.572962, -96.770420 43.612828, -96.711251 43.605813, -96.711644 43.587586, -96.711382 43.562324, -96.711382 43.546744, -96.694078 43.546744, -96.693423 43.563844)",483.20989990234375
659,12,8,12;3;1;2;6;8;,35;5;1;4;16;,"LINESTRING (-96.780137 43.543941, -96.774303 43.572962, -96.770420 43.612828, -96.711251 43.605813, -96.711644 43.587586, -96.711382 43.562324)",93.55950927734375
660,12,8,12;3;4;5;6;8;,35;6;9;12;16;,"LINESTRING (-96.780137 43.543941, -96.774303 43.572962, -96.747168 43.563654, -96.731569 43.564034, -96.711644 43.587586, -96.711382 43.562324)",75.35408020019531
661,12,8,12;3;4;5;9;8;,35;6;9;13;24;,"LINESTRING (-96.780137 43.543941, -96.774303 43.572962, -96.747168 43.563654, -96.731569 43.564034, -96.731241 43.548596, -96.711382 43.562324)",431.0865478515625
662,12,9,12;3;4;5;9;,35;6;9;13;,"LINESTRING (-96.780137 43.543941, -96.774303 43.572962, -96.747168 43.563654, -96.731569 43.564034, -96.731241 43.548596)",39.40362548828125
663,12,9,12;11;10;9;,36;32;26;,"LINESTRING (-96.780137 43.543941, -96.746841 43.544131, -96.731438 43.545271, -96.731241 43.548596)",560.5963745117188
664,12,10,12;11;10;,36;32;,"LINESTRING (-96.780137 43.543941, -96.746841 43.544131, -96.731438 43.545271)",40.84881591796875
665,12,10,12;3;4;5;9;10;,35;6;9;13;25;,"LINESTRING (-96.780137 43.543941, -96.774303 43.572962, -96.747168 43.563654, -96.731569 43.564034, -96.731241 43.548596, -96.731438 43.545271)",1959.1513671875
666,12,11,12;3;4;11;,35;6;10;,"LINESTRING (-96.780137 43.543941, -96.774303 43.572962, -96.747168 43.563654, -96.746841 43.544131)",0.0
667,12,14,12;11;14;,36;34;,"LINESTRING (-96.780137 43.543941, -96.746841 43.544131, -96.751035 43.529306)",88.61113739013672
668,12,14,12;13;24;23;14;,37;39;76;71;,"LINESTRING (-96.780137 43.543941, -96.793377 43.490707, -96.749200 43.503164, -96.750904 43.514858, -96.751035 43.529306)",611.3888549804688
669,12,15,12;11;10;15;,36;32;28;,"LINESTRING (-96.780137 43.543941, -96.746841 43.544131, -96.731438 43.545271, -96.731504 43.529401)",92.57193756103516
670,12,15,12;11;14;15;,36;34;41;,"LINESTRING (-96.780137 43.543941, -96.746841 43.544131, -96.751035 43.529306, -96.731504 43.529401)",49.58202362060547
671,12,15,12;3;4;5;9;10;15;,35;6;9;13;25;28;,"LINESTRING (-96.780137 43.543941, -96.774303 43.572962, -96.747168 43.563654, -96.731569 43.564034, -96.731241 43.548596, -96.731438 43.545271, -96.731504 43.529401)",57.3367805480957
672,12,15,12;13;24;23;22;15;,37;39;76;72;67;,"LINESTRING (-96.780137 43.543941, -96.793377 43.490707, -96.749200 43.503164, -96.750904 43.514858, -96.731241 43.514858, -96.731504 43.529401)",500.50927734375
673,12,16,12;3;1;2;6;8;16;,35;5;1;4;16;22;,"LINESTRING (-96.780137 43.543941, -96.774303 43.572962, -96.770420 43.612828, -96.711251 43.605813, -96.711644 43.587586, -96.711382 43.562324, -96.711382 43.546744)",51.89251708984375
674,12,16,12;11;10;16;,36;32;29;,"LINESTRING (-96.780137 43.543941, -96.746841 43.544131, -96.731438 43.545271, -96.711382 43.546744)",86.63214874267578
675,12,16,12;3;4;5;6;8;16;,35;6;9;12;16;22;,"LINESTRING (-96.780137 43.543941, -96.774303 43.572962, -96.747168 43.563654, -96.731569 43.564034, -96.711644 43.587586, -96.711382 43.562324, -96.711382 43.546744)",90.76761627197266
676,12,16,12;3;4;5;9;8;16;,35;6;9;13;24;22;,"LINESTRING (-96.780137 43.543941, -96.774303 43.572962, -96.747168 43.563654, -96.731569 43.564034, -96.731241 43.548596, -96.711382 43.562324, -96.711382 43.546744)",63.93931579589844
677,12,16,12;3;1;2;6;8;7;18;16;,35;5;1;4;16;20;18;55;,"LINESTRING (-96.780137 43.543941, -96.774303 43.572962, -96.770420 43.612828, -96.711251 43.605813, -96.711644 43.587586, -96.711382 43.562324, -96.693423 43.563844, -96.694078 43.546744, -96.711382 43.546744)",90.28260803222656
678,12,16,12;3;4;5;6;8;7;18;16;,35;6;9;12;16;20;18;55;,"LINESTRING (-96.780137 43.543941, -96.774303 43.572962, -96.747168 43.563654, -96.731569 43.564034, -96.711644 43.587586, -96.711382 43.562324, -96.693423 43.563844, -96.694078 43.546744, -96.711382 43.546744)",65.44343566894531
679,12,16,12;3;4;5;9;8;7;18;16;,35;6;9;13;24;20;18;55;,"LINESTRING (-96.780137 43.543941, -96.774303 43.572962, -96.747168 43.563654, -96.731569 43.564034, -96.731241 43.548596, -96.711382 43.562324, -96.693423 43.563844, -96.694078 43.546744, -96.711382 43.546744)",74.5807113647461
680,12,16,12;13;24;21;20;18;16;,37;39;75;64;60;55;,"LINESTRING (-96.780137 43.543941, -96.793377 43.490707, -96.749200 43.503164, -96.730979 43.510485, -96.711185 43.515333, -96.694078 43.546744, -96.711382 43.546744)",176.46173095703125
681,12,17,12;11;10;17;,36;32;30;,"LINESTRING (-96.780137 43.543941, -96.746841 43.544131, -96.731438 43.545271, -96.711382 43.541280)",67.08731842041016
682,12,17,12;3;4;5;9;10;17;,35;6;9;13;25;30;,"LINESTRING (-96.780137 43.543941, -96.774303 43.572962, -96.747168 43.563654, -96.731569 43.564034, -96.731241 43.548596, -96.731438 43.545271, -96.711382 43.541280)",19.344511032104492
683,12,17,12;3;1;2;6;8;16;17;,35;5;1;4;16;22;49;,"LINESTRING (-96.780137 43.543941, -96.774303 43.572962, -96.770420 43.612828, -96.711251 43.605813, -96.711644 43.587586, -96.711382 43.562324, -96.711382 43.546744, -96.711382 43.541280)",77.57096862792969
684,12,17,12;11;10;16;17;,36;32;29;49;,"LINESTRING (-96.780137 43.543941, -96.746841 43.544131, -96.731438 43.545271, -96.711382 43.546744, -96.711382 43.541280)",32.75966262817383
685,12,17,12;3;4;5;6;8;16;17;,35;6;9;12;16;22;49;,"LINESTRING (-96.780137 43.543941, -96.774303 43.572962, -96.747168 43.563654, -96.731569 43.564034, -96.711644 43.587586, -96.711382 43.562324, -96.711382 43.546744, -96.711382 43.541280)",403.237548828125
686,12,18,12;3;1;2;6;8;7;18;,35;5;1;4;16;20;18;,"LINESTRING (-96.780137 43.543941, -96.774303 43.572962, -96.770420 43.612828, -96.711251 43.605813, -96.711644 43.587586, -96.711382 43.562324, -96.693423 43.563844, -96.694078 43.546744)",58.31216049194336
687,12,18,12;3;4;5;6;8;7;18;,35;6;9;12;16;20;18;,"LINESTRING (-96.780137 43.543941, -96.774303 43.572962, -96.747168 43.563654, -96.731569 43.564034, -96.711644 43.587586, -96.711382 43.562324, -96.693423 43.563844, -96.694078 43.546744)",27.29259490966797
688,12,18,12;3;4;5;9;8;7;18;,35;6;9;13;24;20;18;,"LINESTRING (-96.780137 43.543941, -96.774303 43.572962, -96.747168 43.563654, -96.731569 43.564034, -96.731241 43.548596, -96.711382 43.562324, -96.693423 43.563844, -96.694078 43.546744)",3.476862668991089
689,12,18,12;3;1;2;6;8;16;18;,35;5;1;4;16;22;50;,"LINESTRING (-96.780137 43.543941, -96.774303 43.572962, -96.770420 43.612828, -96.711251 43.605813, -96.711644 43.587586, -96.711382 43.562324, -96.711382 43.546744, -96.694078 43.546744)",9.565048217773438
690,12,18,12;11;10;16;18;,36;32;29;50;,"LINESTRING (-96.780137 43.543941, -96.746841 43.544131, -96.731438 43.545271, -96.711382 43.546744, -96.694078 43.546744)",96.7298583984375
691,12,18,12;3;4;5;6;8;16;18;,35;6;9;12;16;22;50;,"LINESTRING (-96.780137 43.543941, -96.774303 43.572962, -96.747168 43.563654, -96.731569 43.564034, -96.711644 43.587586, -96.711382 43.562324, -96.711382 43.546744, -96.694078 43.546744)",12.699606895446777
692,12,18,12;13;24;21;20;18;,37;39;75;64;60;,"LINESTRING (-96.780137 43.543941, -96.793377 43.490707, -96.749200 43.503164, -96.730979 43.510485, -96.711185 43.515333, -96.694078 43.546744)",0.0
693,12,19,12;11;10;15;19;,36;32;28;45;,"LINESTRING (-96.780137 43.543941, -96.746841 43.544131, -96.731438 43.545271, -96.731504 43.529401, -96.711316 43.529591)",81.49383544921875
694,12,19,12;11;14;15;19;,36;34;41;45;,"LINESTRING (-96.780137 43.543941, -96.746841 43.544131, -96.751035 43.529306, -96.731504 43.529401, -96.711316 43.529591)",31.877050399780273
695,12,19,12;3;4;5;9;10;15;19;,35;6;9;13;25;28;45;,"LINESTRING (-96.780137 43.543941, -96.774303 43.572962, -96.747168 43.563654, -96.731569 43.564034, -96.731241 43.548596, -96.731438 43.545271, -96.731504 43.529401, -96.711316 43.529591)",2.867337465286255
696,12,19,12;13;24;23;22;15;19;,37;39;76;72;67;45;,"LINESTRING (-96.780137 43.543941, -96.793377 43.490707, -96.749200 43.503164, -96.750904 43.514858, -96.731241 43.514858, -96.731504 43.529401, -96.711316 43.529591)",183.76177978515625
697,12,20,12;3;1;2;6;8;7;18;20;,35;5;1;4;16;20;18;56;,"LINESTRING (-96.780137 43.543941, -96.774303 43.572962, -96.770420 43.612828, -96.711251 43.605813, -96.711644 43.587586, -96.711382 43.562324, -96.693423 43.563844, -96.694078 43.546744, -96.711185 43.515333)",52.64297866821289
698,12,20,12;3;1;2;6;8;16;18;20;,35;5;1;4;16;22;50;56;,"LINESTRING (-96.780137 43.543941, -96.774303 43.572962, -96.770420 43.612828, -96.711251 43.605813, -96.711644 43.587586, -96.711382 43.562324, -96.711382 43.546744, -96.694078 43.546744, -96.711185 43.515333)",75.74363708496094
699,12,20,12;3;4;5;6;8;16;18;20;,35;6;9;12;16;22;50;56;,"LINESTRING (-96.780137 43.543941, -96.774303 43.572962, -96.747168 43.563654, -96.731569 43.564034, -96.711644 43.587586, -96.711382 43.562324, -96.711382 43.546744, -96.694078 43.546744, -96.711185 43.515333)",79.1732406616211
700,12,20,12;13;24;21;20;,37;39;75;64;,"LINESTRING (-96.780137 43.543941, -96.793377 43.490707, -96.749200 43.503164, -96.730979 43.510485, -96.711185 43.515333)",93.42011260986328
701,12,20,12;13;24;23;22;20;,37;39;76;72;68;,"LINESTRING (-96.780137 43.543941, -96.793377 43.490707, -96.749200 43.503164, -96.750904 43.514858, -96.731241 43.514858, -96.711185 43.515333)",99.02005004882812
702,12,21,12;13;24;21;,37;39;75;,"LINESTRING (-96.780137 43.543941, -96.793377 43.490707, -96.749200 43.503164, -96.730979 43.510485)",50.26879119873047
703,12,21,12;13;24;23;22;20;21;,37;39;76;72;68;62;,"LINESTRING (-96.780137 43.543941, -96.793377 43.490707, -96.749200 43.503164, -96.750904 43.514858, -96.731241 43.514858, -96.711185 43.515333, -96.730979 43.510485)",249.731201171875
704,12,22,12;11;14;15;22;,36;34;41;46;,"LINESTRING (-96.780137 43.543941, -96.746841 43.544131, -96.751035 43.529306, -96.731504 43.529401, -96.731241 43.514858)",90.24227905273438
705,12,22,12;13;24;21;22;,37;39;75;65;,"LINESTRING (-96.780137 43.543941, -96.793377 43.490707, -96.749200 43.503164, -96.730979 43.510485, -96.731241 43.514858)",73.00141143798828
706,12,22,12;13;24;23;22;,37;39;76;72;,"LINESTRING (-96.780137 43.543941, -96.793377 43.490707, -96.749200 43.503164, -96.750904 43.514858, -96.731241 43.514858)",536.75634765625
707,12,23,12;11;14;23;,36;34;42;,"LINESTRING (-96.780137 43.543941, -96.746841 43.544131, -96.751035 43.529306, -96.750904 43.514858)",9.376326560974121
708,12,23,12;13;24;23;,37;39;76;,"LINESTRING (-96.780137 43.543941, -96.793377 43.490707, -96.749200 43.503164, -96.750904 43.514858)",690.6236572265625
709,12,24,12;13;24;,37;39;,"LINESTRING (-96.780137 43.543941, -96.793377 43.490707, -96.749200 43.503164)",500.0
710,13,1,13;12;3;1;,38;35;5;,"LINESTRING (-96.793377 43.490707, -96.780137 43.543941, -96.774303 43.572962, -96.770420 43.612828)",500.0
711,13,2,13;12;3;1;2;,38;35;5;1;,"LINESTRING (-96.793377 43.490707, -96.780137 43.543941, -96.774303 43.572962, -96.770420 43.612828, -96.711251 43.605813)",300.0
712,13,3,13;12;3;,38;35;,"LINESTRING (-96.793377 43.490707, -96.780137 43.543941, -96.774303 43.572962)",100.0
713,13,4,13;12;3;4;,38;35;6;,"LINESTRING (-96.793377 43.490707, -96.780137 43.543941, -96.774303 43.572962, -96.747168 43.563654)",600.0
714,13,5,13;12;3;4;5;,38;35;6;9;,"LINESTRING (-96.793377 43.490707, -96.780137 43.543941, -96.774303 43.572962, -96.747168 43.563654, -96.731569 43.564034)",200.0
715,13,6,13;12;3;1;2;6;,38;35;5;1;4;,"LINESTRING (-96.793377 43.490707, -96.780137 43.543941, -96.774303 43.572962, -96.770420 43.612828, -96.711251 43.605813, -96.711644 43.587586)",92.96749114990234
716,13,6,13;12;3;4;5;6;,38;35;6;9;12;,"LINESTRING (-96.793377 43.490707, -96.780137 43.543941, -96.774303 43.572962, -96.747168 43.563654, -96.731569 43.564034, -96.711644 43.587586)",107.03250885009766
717,13,7,13;12;3;1;2;6;8;7;,38;35;5;1;4;16;20;,"LINESTRING (-96.793377 43.490707, -96.780137 43.543941, -96.774303 43.572962, -96.770420 43.612828, -96.711251 43.605813, -96.711644 43.587586, -96.711382 43.562324, -96.693423 43.563844)",32.130126953125
718,13,7,13;12;3;4;5;6;8;7;,38;35;6;9;12;16;20;,"LINESTRING (-96.793377 43.490707, -96.780137 43.543941, -96.774303 43.572962, -96.747168 43.563654, -96.731569 43.564034, -96.711644 43.587586, -96.711382 43.562324, -96.693423 43.563844)",32.336177825927734
719,13,7,13;12;3;4;5;9;8;7;,38;35;6;9;13;24;20;,"LINESTRING (-96.793377 43.490707, -96.780137 43.543941, -96.774303 43.572962, -96.747168 43.563654, -96.731569 43.564034, -96.731241 43.548596, -96.711382 43.562324, -96.693423 43.563844)",52.07596206665039
720,13,7,13;12;3;1;2;6;8;16;18;7;,38;35;5;1;4;16;22;50;54;,"LINESTRING (-96.793377 43.490707, -96.780137 43.543941, -96.774303 43.572962, -96.770420 43.612828, -96.711251 43.605813, -96.711644 43.587586, -96.711382 43.562324, -96.711382 43.546744, -96.694078 43.546744, -96.693423 43.563844)",99.04634857177734
721,13,7,13;24;21;20;18;7;,39;75;64;60;54;,"LINESTRING (-96.793377 43.490707, -96.749200 43.503164, -96.730979 43.510485, -96.711185 43.515333, -96.694078 43.546744, -96.693423 43.563844)",184.411376953125
722,13,8,13;12;3;1;2;6;8;,38;35;5;1;4;16;,"LINESTRING (-96.793377 43.490707, -96.780137 43.543941, -96.774303 43.572962, -96.770420 43.612828, -96.711251 43.605813, -96.711644 43.587586, -96.711382 43.562324)",48.12478256225586
723,13,8,13;12;3;4;5;6;8;,38;35;6;9;12;16;,"LINESTRING (-96.793377 43.490707, -96.780137 43.543941, -96.774303 43.572962, -96.747168 43.563654, -96.731569 43.564034, -96.711644 43.587586, -96.711382 43.562324)",5.011042594909668
724,13,8,13;12;3;4;5;9;8;,38;35;6;9;13;24;,"LINESTRING (-96.793377 43.490707, -96.780137 43.543941, -96.774303 43.572962, -96.747168 43.563654, -96.731569 43.564034, -96.731241 43.548596, -96.711382 43.562324)",546.8641967773438
725,13,9,13;12;3;4;5;9;,38;35;6;9;13;,"LINESTRING (-96.793377 43.490707, -96.780137 43.543941, -96.774303 43.572962, -96.747168 43.563654, -96.731569 43.564034, -96.731241 43.548596)",12.26861572265625
726,13,9,13;12;11;10;9;,38;36;32;26;,"LINESTRING (-96.793377 43.490707, -96.780137 43.543941, -96.746841 43.544131, -96.731438 43.545271, -96.731241 43.548596)",587.7313842773438
727,13,10,13;12;11;10;,38;36;32;,"LINESTRING (-96.793377 43.490707, -96.780137 43.543941, -96.746841 43.544131, -96.731438 43.545271)",84.65631866455078
728,13,10,13;12;3;4;5;9;10;,38;35;6;9;13;25;,"LINESTRING (-96.793377 43.490707, -96.780137 43.543941, -96.774303 43.572962, -96.747168 43.563654, -96.731569 43.564034, -96.731241 43.548596, -96.731438 43.545271)",1815.34375
729,13,11,13;12;11;,38;36;,"LINESTRING (-96.793377 43.490707, -96.780137 43.543941, -96.746841 43.544131)",22.343883514404297
730,13,11,13;12;3;4;11;,38;35;6;10;,"LINESTRING (-96.793377 43.490707, -96.780137 43.543941, -96.774303 43.572962, -96.747168 43.563654, -96.746841 43.544131)",977.6561279296875
731,13,14,13;12;11;14;,38;36;34;,"LINESTRING (-96.793377 43.490707, -96.780137 43.543941, -96.746841 43.544131, -96.751035 43.529306)",61.715065002441406
732,13,14,13;24;23;14;,39;76;71;,"LINESTRING (-96.793377 43.490707, -96.749200 43.503164, -96.750904 43.514858, -96.751035 43.529306)",538.284912109375
733,13,15,13;12;11;10;15;,38;36;32;28;,"LINESTRING (-96.793377 43.490707, -96.780137 43.543941, -96.746841 43.544131, -96.731438 43.545271, -96.731504 43.529401)",5.709765911102295
734,13,15,13;12;11;14;15;,38;36;34;41;,"LINESTRING (-96.793377 43.490707, -96.780137 43.543941, -96.746841 43.544131, -96.751035 43.529306, -96.731504 43.529401)",92.0427474975586
735,13,15,13;12;3;4;5;9;10;15;,38;35;6;9;13;25;28;,"LINESTRING (-96.793377 43.490707, -96.780137 43.543941, -96.774303 43.572962, -96.747168 43.563654, -96.731569 43.564034, -96.731241 43.548596, -96.731438 43.545271, -96.731504 43.529401)",0.8595402240753174
736,13,15,13;24;21;22;15;,39;75;65;67;,"LINESTRING (-96.793377 43.490707, -96.749200 43.503164, -96.730979 43.510485, -96.731241 43.514858, -96.731504 43.529401)",31.805879592895508
737,13,15,13;24;23;22;15;,39;76;72;67;,"LINESTRING (-96.793377 43.490707, -96.749200 43.503164, -96.750904 43.514858, -96.731241 43.514858, -96.731504 43.529401)",569.58203125
738,13,16,13;12;3;1;2;6;8;16;,38;35;5;1;4;16;22;,"LINESTRING (-96.793377 43.490707, -96.780137 43.543941, -96.774303 43.572962, -96.770420 43.612828, -96.711251 43.605813, -96.711644 43.587586, -96.711382 43.562324, -96.711382 43.546744)",39.13350296020508
739,13,16,13;12;11;10;16;,38;36;32;29;,"LINESTRING (-96.793377 43.490707, -96.780137 43.543941, -96.746841 43.544131, -96.731438 43.545271, -96.711382 43.546744)",86.1418685913086
740,13,16,13;12;3;4;5;6;8;16;,38;35;6;9;12;16;22;,"LINESTRING (-96.793377 43.490707, -96.780137 43.543941, -96.774303 43.572962, -96.747168 43.563654, -96.731569 43.564034, -96.711644 43.587586, -96.711382 43.562324, -96.711382 43.546744)",99.72664642333984
741,13,16,13;24;21;20;18;16;,39;75;64;60;55;,"LINESTRING (-96.793377 43.490707, -96.749200 43.503164, -96.730979 43.510485, -96.711185 43.515333, -96.694078 43.546744, -96.711382 43.546744)",65.8394775390625
742,13,16,13;24;23;22;20;18;16;,39;76;72;68;60;55;,"LINESTRING (-96.793377 43.490707, -96.749200 43.503164, -96.750904 43.514858, -96.731241 43.514858, -96.711185 43.515333, -96.694078 43.546744, -96.711382 43.546744)",309.15850830078125
743,13,17,13;12;11;10;17;,38;36;32;30;,"LINESTRING (-96.793377 43.490707, -96.780137 43.543941, -96.746841 43.544131, -96.731438 43.545271, -96.711382 43.541280)",19.8804988861084
744,13,17,13;12;3;4;5;9;10;17;,38;35;6;9;13;25;30;,"LINESTRING (-96.793377 43.490707, -96.780137 43.543941, -96.774303 43.572962, -96.747168 43.563654, -96.731569 43.564034, -96.731241 43.548596, -96.731438 43.545271, -96.711382 43.541280)",74.97512817382812
745,13,17,13;12;3;1;2;6;8;16;17;,38;35;5;1;4;16;22;49;,"LINESTRING (-96.793377 43.490707, -96.780137 43.543941, -96.774303 43.572962, -96.770420 43.612828, -96.711251 43.605813, -96.711644 43.587586, -96.711382 43.562324, -96.711382 43.546744, -96.711382 43.541280)",52.044376373291016
746,13,17,13;12;3;4;5;6;8;16;17;,38;35;6;9;12;16;22;49;,"LINESTRING (-96.793377 43.490707, -96.780137 43.543941, -96.774303 43.572962, -96.747168 43.563654, -96.731569 43.564034, -96.711644 43.587586, -96.711382 43.562324, -96.711382 43.546744, -96.711382 43.541280)",53.171878814697266
747,13,17,13;24;21;22;15;19;17;,39;75;65;67;45;58;,"LINESTRING (-96.793377 43.490707, -96.749200 43.503164, -96.730979 43.510485, -96.731241 43.514858, -96.731504 43.529401, -96.711316 43.529591, -96.711382 43.541280)",299.9281005859375
748,13,18,13;12;3;1;2;6;8;7;18;,38;35;5;1;4;16;20;18;,"LINESTRING (-96.793377 43.490707, -96.780137 43.543941, -96.774303 43.572962, -96.770420 43.612828, -96.711251 43.605813, -96.711644 43.587586, -96.711382 43.562324, -96.693423 43.563844, -96.694078 43.546744)",93.00501251220703
749,13,18,13;12;3;1;2;6;8;16;18;,38;35;5;1;4;16;22;50;,"LINESTRING (-96.793377 43.490707, -96.780137 43.543941, -96.774303 43.572962, -96.770420 43.612828, -96.711251 43.605813, -96.711644 43.587586, -96.711382 43.562324, -96.711382 43.546744, -96.694078 43.546744)",1.1359530687332153
750,13,18,13;12;3;4;5;6;8;16;18;,38;35;6;9;12;16;22;50;,"LINESTRING (-96.793377 43.490707, -96.780137 43.543941, -96.774303 43.572962, -96.747168 43.563654, -96.731569 43.564034, -96.711644 43.587586, -96.711382 43.562324, -96.711382 43.546744, -96.694078 43.546744)",63.41056823730469
751,13,18,13;24;21;20;18;,39;75;64;60;,"LINESTRING (-96.793377 43.490707, -96.749200 43.503164, -96.730979 43.510485, -96.711185 43.515333, -96.694078 43.546744)",52.31193542480469
752,13,18,13;24;23;22;20;18;,39;76;72;68;60;,"LINESTRING (-96.793377 43.490707, -96.749200 43.503164, -96.750904 43.514858, -96.731241 43.514858, -96.711185 43.515333, -96.694078 43.546744)",0.0
753,13,19,13;12;11;10;15;19;,38;36;32;28;45;,"LINESTRING (-96.793377 43.490707, -96.780137 43.543941, -96.746841 43.544131, -96.731438 43.545271, -96.731504 43.529401, -96.711316 43.529591)",52.479515075683594
754,13,19,13;12;11;14;15;19;,38;36;34;41;45;,"LINESTRING (-96.793377 43.490707, -96.780137 43.543941, -96.746841 43.544131, -96.751035 43.529306, -96.731504 43.529401, -96.711316 43.529591)",77.61470031738281
755,13,19,13;12;3;4;5;9;10;15;19;,38;35;6;9;13;25;28;45;,"LINESTRING (-96.793377 43.490707, -96.780137 43.543941, -96.774303 43.572962, -96.747168 43.563654, -96.731569 43.564034, -96.731241 43.548596, -96.731438 43.545271, -96.731504 43.529401, -96.711316 43.529591)",6.677024841308594
756,13,19,13;24;21;22;15;19;,39;75;65;67;45;,"LINESTRING (-96.793377 43.490707, -96.749200 43.503164, -96.730979 43.510485, -96.731241 43.514858, -96.731504 43.529401, -96.711316 43.529591)",57.777069091796875
757,13,19,13;24;23;22;15;19;,39;76;72;67;45;,"LINESTRING (-96.793377 43.490707, -96.749200 43.503164, -96.750904 43.514858, -96.731241 43.514858, -96.731504 43.529401, -96.711316 43.529591)",105.4517822265625
758,13,20,13;24;21;20;,39;75;64;,"LINESTRING (-96.793377 43.490707, -96.749200 43.503164, -96.730979 43.510485, -96.711185 43.515333)",5.219578266143799
759,13,20,13;12;3;1;2;6;8;16;18;20;,38;35;5;1;4;16;22;50;56;,"LINESTRING (-96.793377 43.490707, -96.780137 43.543941, -96.774303 43.572962, -96.770420 43.612828, -96.711251 43.605813, -96.711644 43.587586, -96.711382 43.562324, -96.711382 43.546744, -96.694078 43.546744, -96.711185 43.515333)",78.37800598144531
760,13,20,13;12;3;4;5;6;8;16;18;20;,38;35;6;9;12;16;22;50;56;,"LINESTRING (-96.793377 43.490707, -96.780137 43.543941, -96.774303 43.572962, -96.747168 43.563654, -96.731569 43.564034, -96.711644 43.587586, -96.711382 43.562324, -96.711382 43.546744, -96.694078 43.546744, -96.711185 43.515333)",58.8756103515625
761,13,20,13;24;23;22;20;,39;76;72;68;,"LINESTRING (-96.793377 43.490707, -96.749200 43.503164, -96.750904 43.514858, -96.731241 43.514858, -96.711185 43.515333)",457.52679443359375
762,13,21,13;24;21;,39;75;,"LINESTRING (-96.793377 43.490707, -96.749200 43.503164, -96.730979 43.510485)",32.71836853027344
763,13,21,13;24;23;22;20;21;,39;76;72;68;62;,"LINESTRING (-96.793377 43.490707, -96.749200 43.503164, -96.750904 43.514858, -96.731241 43.514858, -96.711185 43.515333, -96.730979 43.510485)",567.2816162109375
764,13,22,13;24;21;22;,39;75;65;,"LINESTRING (-96.793377 43.490707, -96.749200 43.503164, -96.730979 43.510485, -96.731241 43.514858)",19.74408721923828
765,13,22,13;24;23;22;,39;76;72;,"LINESTRING (-96.793377 43.490707, -96.749200 43.503164, -96.750904 43.514858, -96.731241 43.514858)",5.902695655822754
766,13,22,13;12;11;14;15;22;,38;36;34;41;46;,"LINESTRING (-96.793377 43.490707, -96.780137 43.543941, -96.746841 43.544131, -96.751035 43.529306, -96.731504 43.529401, -96.731241 43.514858)",1274.353271484375
767,13,23,13;24;23;,39;76;,"LINESTRING (-96.793377 43.490707, -96.749200 43.503164, -96.750904 43.514858)",29.3491153717041
768,13,23,13;12;11;14;23;,38;36;34;42;,"LINESTRING (-96.793377 43.490707, -96.780137 43.543941, -96.746841 43.544131, -96.751035 43.529306, -96.750904 43.514858)",770.65087890625
769,14,1,14;11;4;3;1;,40;31;8;5;,"LINESTRING (-96.751035 43.529306, -96.746841 43.544131, -96.747168 43.563654, -96.774303 43.572962, -96.770420 43.612828)",25.45111656188965
770,14,1,14;11;12;3;1;,40;33;35;5;,"LINESTRING (-96.751035 43.529306, -96.746841 43.544131, -96.780137 43.543941, -96.774303 43.572962, -96.770420 43.612828)",4.0969367027282715
771,14,1,14;23;24;13;12;3;1;,42;73;74;38;35;5;,"LINESTRING (-96.751035 43.529306, -96.750904 43.514858, -96.749200 43.503164, -96.793377 43.490707, -96.780137 43.543941, -96.774303 43.572962, -96.770420 43.612828)",270.4519348144531
772,14,2,14;11;4;3;1;2;,40;31;8;5;1;,"LINESTRING (-96.751035 43.529306, -96.746841 43.544131, -96.747168 43.563654, -96.774303 43.572962, -96.770420 43.612828, -96.711251 43.605813)",73.4513931274414
773,14,2,14;11;4;5;6;2;,40;31;9;12;14;,"LINESTRING (-96.751035 43.529306, -96.746841 43.544131, -96.747168 43.563654, -96.731569 43.564034, -96.711644 43.587586, -96.711251 43.605813)",42.09267044067383
774,14,2,14;11;12;3;1;2;,40;33;35;5;1;,"LINESTRING (-96.751035 43.529306, -96.746841 43.544131, -96.780137 43.543941, -96.774303 43.572962, -96.770420 43.612828, -96.711251 43.605813)",81.40194702148438
775,14,2,14;23;24;13;12;3;1;2;,42;73;74;38;35;5;1;,"LINESTRING (-96.751035 43.529306, -96.750904 43.514858, -96.749200 43.503164, -96.793377 43.490707, -96.780137 43.543941, -96.774303 43.572962, -96.770420 43.612828, -96.711251 43.605813)",0.0
776,14,3,14;11;4;3;,40;31;8;,"LINESTRING (-96.751035 43.529306, -96.746841 43.544131, -96.747168 43.563654, -96.774303 43.572962)",32.75495147705078
777,14,3,14;11;12;3;,40;33;35;,"LINESTRING (-96.751035 43.529306, -96.746841 43.544131, -96.780137 43.543941, -96.774303 43.572962)",37.74587631225586
778,14,3,14;23;24;13;12;3;,42;73;74;38;35;,"LINESTRING (-96.751035 43.529306, -96.750904 43.514858, -96.749200 43.503164, -96.793377 43.490707, -96.780137 43.543941, -96.774303 43.572962)",29.499176025390625
779,14,4,14;11;4;,40;31;,"LINESTRING (-96.751035 43.529306, -96.746841 43.544131, -96.747168 43.563654)",1.9287877082824707
780,14,4,14;11;12;3;4;,40;33;35;6;,"LINESTRING (-96.751035 43.529306, -96.746841 43.544131, -96.780137 43.543941, -96.774303 43.572962, -96.747168 43.563654)",40.87042236328125
781,14,4,14;23;24;13;12;3;4;,42;73;74;38;35;6;,"LINESTRING (-96.751035 43.529306, -96.750904 43.514858, -96.749200 43.503164, -96.793377 43.490707, -96.780137 43.543941, -96.774303 43.572962, -96.747168 43.563654)",457.2008056640625
782,14,5,14;11;4;5;,40;31;9;,"LINESTRING (-96.751035 43.529306, -96.746841 43.544131, -96.747168 43.563654, -96.731569 43.564034)",0.8673639893531799
783,14,5,14;11;12;3;4;5;,40;33;35;6;9;,"LINESTRING (-96.751035 43.529306, -96.746841 43.544131, -96.780137 43.543941, -96.774303 43.572962, -96.747168 43.563654, -96.731569 43.564034)",75.84150695800781
784,14,5,14;15;10;9;5;,41;43;26;23;,"LINESTRING (-96.751035 43.529306, -96.731504 43.529401, -96.731438 43.545271, -96.731241 43.548596, -96.731569 43.564034)",35.648948669433594
785,14,5,14;23;24;13;12;3;4;5;,42;73;74;38;35;6;9;,"LINESTRING (-96.751035 43.529306, -96.750904 43.514858, -96.749200 43.503164, -96.793377 43.490707, -96.780137 43.543941, -96.774303 43.572962, -96.747168 43.563654, -96.731569 43.564034)",0.0
786,14,6,14;11;4;5;6;,40;31;9;12;,"LINESTRING (-96.751035 43.529306, -96.746841 43.544131, -96.747168 43.563654, -96.731569 43.564034, -96.711644 43.587586)",57.53159713745117
787,14,6,14;11;12;3;1;2;6;,40;33;35;5;1;4;,"LINESTRING (-96.751035 43.529306, -96.746841 43.544131, -96.780137 43.543941, -96.774303 43.572962, -96.770420 43.612828, -96.711251 43.605813, -96.711644 43.587586)",48.10191345214844
788,14,6,14;23;24;13;12;3;1;2;6;,42;73;74;38;35;5;1;4;,"LINESTRING (-96.751035 43.529306, -96.750904 43.514858, -96.749200 43.503164, -96.793377 43.490707, -96.780137 43.543941, -96.774303 43.572962, -96.770420 43.612828, -96.711251 43.605813, -96.711644 43.587586)",87.9635009765625
789,14,6,14;23;24;13;12;3;4;5;6;,42;73;74;38;35;6;9;12;,"LINESTRING (-96.751035 43.529306, -96.750904 43.514858, -96.749200 43.503164, -96.793377 43.490707, -96.780137 43.543941, -96.774303 43.572962, -96.747168 43.563654, -96.731569 43.564034, -96.711644 43.587586)",0.0
790,14,7,14;15;19;20;18;7;,41;45;59;60;54;,"LINESTRING (-96.751035 43.529306, -96.731504 43.529401, -96.711316 43.529591, -96.711185 43.515333, -96.694078 43.546744, -96.693423 43.563844)",58.82011413574219
791,14,7,14;23;22;20;18;7;,42;72;68;60;54;,"LINESTRING (-96.751035 43.529306, -96.750904 43.514858, -96.731241 43.514858, -96.711185 43.515333, -96.694078 43.546744, -96.693423 43.563844)",86.56671905517578
792,14,7,14;15;19;17;16;18;7;,41;45;58;52;50;54;,"LINESTRING (-96.751035 43.529306, -96.731504 43.529401, -96.711316 43.529591, -96.711382 43.541280, -96.711382 43.546744, -96.694078 43.546744, -96.693423 43.563844)",51.02458572387695
793,14,7,14;15;22;21;20;18;7;,41;46;69;64;60;54;,"LINESTRING (-96.751035 43.529306, -96.731504 43.529401, -96.731241 43.514858, -96.730979 43.510485, -96.711185 43.515333, -96.694078 43.546744, -96.693423 43.563844)",70.80651092529297
794,14,7,14;23;24;21;20;18;7;,42;73;75;64;60;54;,"LINESTRING (-96.751035 43.529306, -96.750904 43.514858, -96.749200 43.503164, -96.730979 43.510485, -96.711185 43.515333, -96.694078 43.546744, -96.693423 43.563844)",1.5411393642425537
795,14,7,14;23;22;15;19;17;16;18;7;,42;72;67;45;58;52;50;54;,"LINESTRING (-96.751035 43.529306, -96.750904 43.514858, -96.731241 43.514858, -96.731504 43.529401, -96.711316 43.529591, -96.711382 43.541280, -96.711382 43.546744, -96.694078 43.546744, -96.693423 43.563844)",0.0
796,14,8,14;11;4;5;6;8;,40;31;9;12;16;,"LINESTRING (-96.751035 43.529306, -96.746841 43.544131, -96.747168 43.563654, -96.731569 43.564034, -96.711644 43.587586, -96.711382 43.562324)",27.11363410949707
797,14,8,14;11;12;3;1;2;6;8;,40;33;35;5;1;4;16;,"LINESTRING (-96.751035 43.529306, -96.746841 43.544131, -96.780137 43.543941, -96.774303 43.572962, -96.770420 43.612828, -96.711251 43.605813, -96.711644 43.587586, -96.711382 43.562324)",40.39891815185547
798,14,8,14;15;19;17;16;8;,41;45;58;52;47;,"LINESTRING (-96.751035 43.529306, -96.731504 43.529401, -96.711316 43.529591, -96.711382 43.541280, -96.711382 43.546744, -96.711382 43.562324)",66.10189056396484
799,14,8,14;15;19;20;18;7;8;,41;45;59;60;54;17;,"LINESTRING (-96.751035 43.529306, -96.731504 43.529401, -96.711316 43.529591, -96.711185 43.515333, -96.694078 43.546744, -96.693423 43.563844, -96.711382 43.562324)",30.44590187072754
800,14,8,14;23;22;20;18;7;8;,42;72;68;60;54;17;,"LINESTRING (-96.751035 43.529306, -96.750904 43.514858, -96.731241 43.514858, -96.711185 43.515333, -96.694078 43.546744, -96.693423 43.563844, -96.711382 43.562324)",8.799246788024902
801,14,8,14;23;24;21;20;18;7;8;,42;73;75;64;60;54;17;,"LINESTRING (-96.751035 43.529306, -96.750904 43.514858, -96.749200 43.503164, -96.730979 43.510485, -96.711185 43.515333, -96.694078 43.546744, -96.693423 43.563844, -96.711382 43.562324)",227.14041137695312
802,14,9,14;11;10;9;,40;32;26;,"LINESTRING (-96.751035 43.529306, -96.746841 43.544131, -96.731438 43.545271, -96.731241 43.548596)",75.65641784667969
803,14,9,14;15;10;9;,41;43;26;,"LINESTRING (-96.751035 43.529306, -96.731504 43.529401, -96.731438 43.545271, -96.731241 43.548596)",59.42047882080078
804,14,9,14;23;22;15;10;9;,42;72;67;43;26;,"LINESTRING (-96.751035 43.529306, -96.750904 43.514858, -96.731241 43.514858, -96.731504 43.529401, -96.731438 43.545271, -96.731241 43.548596)",464.923095703125
805,14,10,14;11;10;,40;32;,"LINESTRING (-96.751035 43.529306, -96.746841 43.544131, -96.731438 43.545271)",3.2750701904296875
806,14,10,14;15;10;,41;43;,"LINESTRING (-96.751035 43.529306, -96.731504 43.529401, -96.731438 43.545271)",73.27738189697266
807,14,10,14;23;22;15;10;,42;72;67;43;,"LINESTRING (-96.751035 43.529306, -96.750904 43.514858, -96.731241 43.514858, -96.731504 43.529401, -96.731438 43.545271)",2023.447509765625
808,14,11,14;23;24;13;12;3;4;11;,42;73;74;38;35;6;10;,"LINESTRING (-96.751035 43.529306, -96.750904 43.514858, -96.749200 43.503164, -96.793377 43.490707, -96.780137 43.543941, -96.774303 43.572962, -96.747168 43.563654, -96.746841 43.544131)",0.0
809,14,12,14;11;12;,40;33;,"LINESTRING (-96.751035 43.529306, -96.746841 43.544131, -96.780137 43.543941)",82.8032455444336
810,14,12,14;23;24;13;12;,42;73;74;38;,"LINESTRING (-96.751035 43.529306, -96.750904 43.514858, -96.749200 43.503164, -96.793377 43.490707, -96.780137 43.543941)",617.19677734375
811,14,13,14;11;12;13;,40;33;37;,"LINESTRING (-96.751035 43.529306, -96.746841 43.544131, -96.780137 43.543941, -96.793377 43.490707)",0.04308532178401947
812,14,13,14;23;24;13;,42;73;74;,"LINESTRING (-96.751035 43.529306, -96.750904 43.514858, -96.749200 43.503164, -96.793377 43.490707)",599.9569091796875
813,14,15,14;23;22;15;,42;72;67;,"LINESTRING (-96.751035 43.529306, -96.750904 43.514858, -96.731241 43.514858, -96.731504 43.529401)",0.0
814,14,16,14;15;19;17;16;,41;45;58;52;,"LINESTRING (-96.751035 43.529306, -96.731504 43.529401, -96.711316 43.529591, -96.711382 43.541280, -96.711382 43.546744)",55.7722053527832
815,14,16,14;15;19;20;18;16;,41;45;59;60;55;,"LINESTRING (-96.751035 43.529306, -96.731504 43.529401, -96.711316 43.529591, -96.711185 43.515333, -96.694078 43.546744, -96.711382 43.546744)",60.822181701660156
816,14,16,14;23;22;20;18;16;,42;72;68;60;55;,"LINESTRING (-96.751035 43.529306, -96.750904 43.514858, -96.731241 43.514858, -96.711185 43.515333, -96.694078 43.546744, -96.711382 43.546744)",79.90888214111328
817,14,16,14;15;22;21;20;18;16;,41;46;69;64;60;55;,"LINESTRING (-96.751035 43.529306, -96.731504 43.529401, -96.731241 43.514858, -96.730979 43.510485, -96.711185 43.515333, -96.694078 43.546744, -96.711382 43.546744)",59.14873504638672
818,14,16,14;23;22;15;19;17;16;,42;72;67;45;58;52;,"LINESTRING (-96.751035 43.529306, -96.750904 43.514858, -96.731241 43.514858, -96.731504 43.529401, -96.711316 43.529591, -96.711382 43.541280, -96.711382 43.546744)",4.827302932739258
819,14,16,14;23;24;21;20;18;16;,42;73;75;64;60;55;,"LINESTRING (-96.751035 43.529306, -96.750904 43.514858, -96.749200 43.503164, -96.730979 43.510485, -96.711185 43.515333, -96.694078 43.546744, -96.711382 43.546744)",439.52069091796875
820,14,17,14;15;10;17;,41;43;30;,"LINESTRING (-96.751035 43.529306, -96.731504 43.529401, -96.731438 43.545271, -96.711382 43.541280)",90.97540283203125
821,14,17,14;15;19;17;,41;45;58;,"LINESTRING (-96.751035 43.529306, -96.731504 43.529401, -96.711316 43.529591, -96.711382 43.541280)",48.55080795288086
822,14,17,14;23;22;15;19;17;,42;72;67;45;58;,"LINESTRING (-96.751035 43.529306, -96.750904 43.514858, -96.731241 43.514858, -96.731504 43.529401, -96.711316 43.529591, -96.711382 43.541280)",560.4737548828125
823,14,18,14;15;19;20;18;,41;45;59;60;,"LINESTRING (-96.751035 43.529306, -96.731504 43.529401, -96.711316 43.529591, -96.711185 43.515333, -96.694078 43.546744)",40.561214447021484
824,14,18,14;23;22;20;18;,42;72;68;60;,"LINESTRING (-96.751035 43.529306, -96.750904 43.514858, -96.731241 43.514858, -96.711185 43.515333, -96.694078 43.546744)",56.308868408203125
825,14,18,14;15;19;17;16;18;,41;45;58;52;50;,"LINESTRING (-96.751035 43.529306, -96.731504 43.529401, -96.711316 43.529591, -96.711382 43.541280, -96.711382 43.546744, -96.694078 43.546744)",81.20122528076172
826,14,18,14;15;22;21;20;18;,41;46;69;64;60;,"LINESTRING (-96.751035 43.529306, -96.731504 43.529401, -96.731241 43.514858, -96.730979 43.510485, -96.711185 43.515333, -96.694078 43.546744)",70.81952667236328
827,14,18,14;23;24;21;20;18;,42;73;75;64;60;,"LINESTRING (-96.751035 43.529306, -96.750904 43.514858, -96.749200 43.503164, -96.730979 43.510485, -96.711185 43.515333, -96.694078 43.546744)",41.404884338378906
828,14,18,14;23;22;15;19;17;16;18;,42;72;67;45;58;52;50;,"LINESTRING (-96.751035 43.529306, -96.750904 43.514858, -96.731241 43.514858, -96.731504 43.529401, -96.711316 43.529591, -96.711382 43.541280, -96.711382 43.546744, -96.694078 43.546744)",0.0
829,14,19,14;15;19;,41;45;,"LINESTRING (-96.751035 43.529306, -96.731504 43.529401, -96.711316 43.529591)",2.3150250911712646
830,14,19,14;23;22;15;19;,42;72;67;45;,"LINESTRING (-96.751035 43.529306, -96.750904 43.514858, -96.731241 43.514858, -96.731504 43.529401, -96.711316 43.529591)",61.808868408203125
831,14,19,14;23;22;20;19;,42;72;68;61;,"LINESTRING (-96.751035 43.529306, -96.750904 43.514858, -96.731241 43.514858, -96.711185 43.515333, -96.711316 43.529591)",235.8760986328125
832,14,20,14;15;19;20;,41;45;59;,"LINESTRING (-96.751035 43.529306, -96.731504 43.529401, -96.711316 43.529591, -96.711185 43.515333)",66.71939849853516
833,14,20,14;23;22;20;,42;72;68;,"LINESTRING (-96.751035 43.529306, -96.750904 43.514858, -96.731241 43.514858, -96.711185 43.515333)",54.917930603027344
834,14,20,14;15;22;21;20;,41;46;69;64;,"LINESTRING (-96.751035 43.529306, -96.731504 43.529401, -96.731241 43.514858, -96.730979 43.510485, -96.711185 43.515333)",92.68626403808594
835,14,20,14;23;24;21;20;,42;73;75;64;,"LINESTRING (-96.751035 43.529306, -96.750904 43.514858, -96.749200 43.503164, -96.730979 43.510485, -96.711185 43.515333)",63.776702880859375
836,14,20,14;15;19;17;16;18;20;,41;45;58;52;50;56;,"LINESTRING (-96.751035 43.529306, -96.731504 43.529401, -96.711316 43.529591, -96.711382 43.541280, -96.711382 43.546744, -96.694078 43.546744, -96.711185 43.515333)",221.89981079101562
837,14,21,14;15;22;21;,41;46;69;,"LINESTRING (-96.751035 43.529306, -96.731504 43.529401, -96.731241 43.514858, -96.730979 43.510485)",89.20619201660156
838,14,21,14;23;24;21;,42;73;75;,"LINESTRING (-96.751035 43.529306, -96.750904 43.514858, -96.749200 43.503164, -96.730979 43.510485)",58.07140350341797
839,14,21,14;23;22;20;21;,42;72;68;62;,"LINESTRING (-96.751035 43.529306, -96.750904 43.514858, -96.731241 43.514858, -96.711185 43.515333, -96.730979 43.510485)",252.722412109375
840,14,22,14;15;22;,41;46;,"LINESTRING (-96.751035 43.529306, -96.731504 43.529401, -96.731241 43.514858)",71.78141784667969
841,14,22,14;23;22;,42;72;,"LINESTRING (-96.751035 43.529306, -96.750904 43.514858, -96.731241 43.514858)",1128.2186279296875
842,14,24,14;23;24;,42;73;,"LINESTRING (-96.751035 43.529306, -96.750904 43.514858, -96.749200 43.503164)",60.21105194091797
843,14,24,14;15;22;21;24;,41;46;69;66;,"LINESTRING (-96.751035 43.529306, -96.731504 43.529401, -96.731241 43.514858, -96.730979 43.510485, -96.749200 43.503164)",339.7889404296875
844,15,1,15;10;11;4;3;1;,43;27;31;8;5;,"LINESTRING (-96.731504 43.529401, -96.731438 43.545271, -96.746841 43.544131, -96.747168 43.563654, -96.774303 43.572962, -96.770420 43.612828)",18.094390869140625
845,15,1,15;10;9;5;4;3;1;,43;26;23;11;8;5;,"LINESTRING (-96.731504 43.529401, -96.731438 43.545271, -96.731241 43.548596, -96.731569 43.564034, -96.747168 43.563654, -96.774303 43.572962, -96.770420 43.612828)",49.846797943115234
846,15,1,15;14;11;4;3;1;,44;40;31;8;5;,"LINESTRING (-96.731504 43.529401, -96.751035 43.529306, -96.746841 43.544131, -96.747168 43.563654, -96.774303 43.572962, -96.770420 43.612828)",10.619672775268555
847,15,1,15;10;11;12;3;1;,43;27;33;35;5;,"LINESTRING (-96.731504 43.529401, -96.731438 43.545271, -96.746841 43.544131, -96.780137 43.543941, -96.774303 43.572962, -96.770420 43.612828)",22.24243927001953
848,15,1,15;14;11;12;3;1;,44;40;33;35;5;,"LINESTRING (-96.731504 43.529401, -96.751035 43.529306, -96.746841 43.544131, -96.780137 43.543941, -96.774303 43.572962, -96.770420 43.612828)",61.70403289794922
849,15,1,15;22;23;24;13;12;3;1;,46;70;73;74;38;35;5;,"LINESTRING (-96.731504 43.529401, -96.731241 43.514858, -96.750904 43.514858, -96.749200 43.503164, -96.793377 43.490707, -96.780137 43.543941, -96.774303 43.572962, -96.770420 43.612828)",337.49267578125
850,15,2,15;10;9;5;4;3;1;2;,43;26;23;11;8;5;1;,"LINESTRING (-96.731504 43.529401, -96.731438 43.545271, -96.731241 43.548596, -96.731569 43.564034, -96.747168 43.563654, -96.774303 43.572962, -96.770420 43.612828, -96.711251 43.605813)",97.78443908691406
851,15,2,15;10;9;5;6;2;,43;26;23;12;14;,"LINESTRING (-96.731504 43.529401, -96.731438 43.545271, -96.731241 43.548596, -96.731569 43.564034, -96.711644 43.587586, -96.711251 43.605813)",21.037628173828125
852,15,2,15;19;17;16;8;6;2;,45;58;52;47;19;14;,"LINESTRING (-96.731504 43.529401, -96.711316 43.529591, -96.711382 43.541280, -96.711382 43.546744, -96.711382 43.562324, -96.711644 43.587586, -96.711251 43.605813)",49.59318542480469
853,15,2,15;22;23;24;13;12;3;1;2;,46;70;73;74;38;35;5;1;,"LINESTRING (-96.731504 43.529401, -96.731241 43.514858, -96.750904 43.514858, -96.749200 43.503164, -96.793377 43.490707, -96.780137 43.543941, -96.774303 43.572962, -96.770420 43.612828, -96.711251 43.605813)",24.824811935424805
854,15,2,15;22;21;20;18;7;8;6;2;,46;69;64;60;54;17;19;14;,"LINESTRING (-96.731504 43.529401, -96.731241 43.514858, -96.730979 43.510485, -96.711185 43.515333, -96.694078 43.546744, -96.693423 43.563844, -96.711382 43.562324, -96.711644 43.587586, -96.711251 43.605813)",0.0
855,15,3,15;10;11;4;3;,43;27;31;8;,"LINESTRING (-96.731504 43.529401, -96.731438 43.545271, -96.746841 43.544131, -96.747168 43.563654, -96.774303 43.572962)",0.6358360648155212
856,15,3,15;10;9;5;4;3;,43;26;23;11;8;,"LINESTRING (-96.731504 43.529401, -96.731438 43.545271, -96.731241 43.548596, -96.731569 43.564034, -96.747168 43.563654, -96.774303 43.572962)",87.85382080078125
857,15,3,15;14;11;4;3;,44;40;31;8;,"LINESTRING (-96.731504 43.529401, -96.751035 43.529306, -96.746841 43.544131, -96.747168 43.563654, -96.774303 43.572962)",93.9748764038086
858,15,3,15;10;11;12;3;,43;27;33;35;,"LINESTRING (-96.731504 43.529401, -96.731438 43.545271, -96.746841 43.544131, -96.780137 43.543941, -96.774303 43.572962)",69.99818420410156
859,15,3,15;14;11;12;3;,44;40;33;35;,"LINESTRING (-96.731504 43.529401, -96.751035 43.529306, -96.746841 43.544131, -96.780137 43.543941, -96.774303 43.572962)",13.265215873718262
860,15,3,15;22;23;24;13;12;3;,46;70;73;74;38;35;,"LINESTRING (-96.731504 43.529401, -96.731241 43.514858, -96.750904 43.514858, -96.749200 43.503164, -96.793377 43.490707, -96.780137 43.543941, -96.774303 43.572962)",0.0
861,15,4,15;10;11;4;,43;27;31;,"LINESTRING (-96.731504 43.529401, -96.731438 43.545271, -96.746841 43.544131, -96.747168 43.563654)",87.13153076171875
862,15,4,15;10;9;5;4;,43;26;23;11;,"LINESTRING (-96.731504 43.529401, -96.731438 43.545271, -96.731241 43.548596, -96.731569 43.564034, -96.747168 43.563654)",85.13975524902344
863,15,4,15;14;11;4;,44;40;31;,"LINESTRING (-96.731504 43.529401, -96.751035 43.529306, -96.746841 43.544131, -96.747168 43.563654)",44.27439498901367
864,15,4,15;14;11;12;3;4;,44;40;33;35;6;,"LINESTRING (-96.731504 43.529401, -96.751035 43.529306, -96.746841 43.544131, -96.780137 43.543941, -96.774303 43.572962, -96.747168 43.563654)",283.4543151855469
865,15,5,15;10;9;5;,43;26;23;,"LINESTRING (-96.731504 43.529401, -96.731438 43.545271, -96.731241 43.548596, -96.731569 43.564034)",13.355159759521484
866,15,5,15;10;11;4;5;,43;27;31;9;,"LINESTRING (-96.731504 43.529401, -96.731438 43.545271, -96.746841 43.544131, -96.747168 43.563654, -96.731569 43.564034)",89.62617492675781
867,15,5,15;14;11;4;5;,44;40;31;9;,"LINESTRING (-96.731504 43.529401, -96.751035 43.529306, -96.746841 43.544131, -96.747168 43.563654, -96.731569 43.564034)",89.15065002441406
868,15,5,15;14;11;12;3;4;5;,44;40;33;35;6;9;,"LINESTRING (-96.731504 43.529401, -96.751035 43.529306, -96.746841 43.544131, -96.780137 43.543941, -96.774303 43.572962, -96.747168 43.563654, -96.731569 43.564034)",7.868011474609375
869,15,6,15;10;9;5;6;,43;26;23;12;,"LINESTRING (-96.731504 43.529401, -96.731438 43.545271, -96.731241 43.548596, -96.731569 43.564034, -96.711644 43.587586)",24.14000701904297
870,15,6,15;19;17;16;8;6;,45;58;52;47;19;,"LINESTRING (-96.731504 43.529401, -96.711316 43.529591, -96.711382 43.541280, -96.711382 43.546744, -96.711382 43.562324, -96.711644 43.587586)",61.41740036010742
871,15,6,15;22;21;20;18;7;8;6;,46;69;64;60;54;17;19;,"LINESTRING (-96.731504 43.529401, -96.731241 43.514858, -96.730979 43.510485, -96.711185 43.515333, -96.694078 43.546744, -96.693423 43.563844, -96.711382 43.562324, -96.711644 43.587586)",114.44259643554688
872,15,7,15;19;20;18;7;,45;59;60;54;,"LINESTRING (-96.731504 43.529401, -96.711316 43.529591, -96.711185 43.515333, -96.694078 43.546744, -96.693423 43.563844)",57.60799026489258
873,15,7,15;22;20;18;7;,46;68;60;54;,"LINESTRING (-96.731504 43.529401, -96.731241 43.514858, -96.711185 43.515333, -96.694078 43.546744, -96.693423 43.563844)",3.4044337272644043
874,15,7,15;19;17;16;18;7;,45;58;52;50;54;,"LINESTRING (-96.731504 43.529401, -96.711316 43.529591, -96.711382 43.541280, -96.711382 43.546744, -96.694078 43.546744, -96.693423 43.563844)",1.987789273262024
875,15,7,15;22;21;20;18;7;,46;69;64;60;54;,"LINESTRING (-96.731504 43.529401, -96.731241 43.514858, -96.730979 43.510485, -96.711185 43.515333, -96.694078 43.546744, -96.693423 43.563844)",436.9997863769531
876,15,8,15;10;9;8;,43;26;24;,"LINESTRING (-96.731504 43.529401, -96.731438 43.545271, -96.731241 43.548596, -96.711382 43.562324)",49.51357650756836
877,15,8,15;19;17;16;8;,45;58;52;47;,"LINESTRING (-96.731504 43.529401, -96.711316 43.529591, -96.711382 43.541280, -96.711382 43.546744, -96.711382 43.562324)",53.274845123291016
878,15,8,15;19;20;18;7;8;,45;59;60;54;17;,"LINESTRING (-96.731504 43.529401, -96.711316 43.529591, -96.711185 43.515333, -96.694078 43.546744, -96.693423 43.563844, -96.711382 43.562324)",0.7312309741973877
879,15,8,15;22;20;18;7;8;,46;68;60;54;17;,"LINESTRING (-96.731504 43.529401, -96.731241 43.514858, -96.711185 43.515333, -96.694078 43.546744, -96.693423 43.563844, -96.711382 43.562324)",60.20606994628906
880,15,8,15;22;21;20;18;7;8;,46;69;64;60;54;17;,"LINESTRING (-96.731504 43.529401, -96.731241 43.514858, -96.730979 43.510485, -96.711185 43.515333, -96.694078 43.546744, -96.693423 43.563844, -96.711382 43.562324)",436.2742919921875
881,15,9,15;10;9;,43;26;,"LINESTRING (-96.731504 43.529401, -96.731438 43.545271, -96.731241 43.548596)",42.95475387573242
882,15,9,15;14;11;10;9;,44;40;32;26;,"LINESTRING (-96.731504 43.529401, -96.751035 43.529306, -96.746841 43.544131, -96.731438 43.545271, -96.731241 43.548596)",957.0452270507812
883,15,10,15;14;11;10;,44;40;32;,"LINESTRING (-96.731504 43.529401, -96.751035 43.529306, -96.746841 43.544131, -96.731438 43.545271)",0.0
884,15,11,15;10;11;,43;27;,"LINESTRING (-96.731504 43.529401, -96.731438 43.545271, -96.746841 43.544131)",52.43824005126953
885,15,11,15;14;11;,44;40;,"LINESTRING (-96.731504 43.529401, -96.751035 43.529306, -96.746841 43.544131)",61.46273422241211
886,15,11,15;10;9;5;4;11;,43;26;23;11;10;,"LINESTRING (-96.731504 43.529401, -96.731438 43.545271, -96.731241 43.548596, -96.731569 43.564034, -96.747168 43.563654, -96.746841 43.544131)",1286.0989990234375
887,15,12,15;10;11;12;,43;27;33;,"LINESTRING (-96.731504 43.529401, -96.731438 43.545271, -96.746841 43.544131, -96.780137 43.543941)",49.355918884277344
888,15,12,15;14;11;12;,44;40;33;,"LINESTRING (-96.731504 43.529401, -96.751035 43.529306, -96.746841 43.544131, -96.780137 43.543941)",73.8577880859375
889,15,12,15;10;9;5;4;3;12;,43;26;23;11;8;7;,"LINESTRING (-96.731504 43.529401, -96.731438 43.545271, -96.731241 43.548596, -96.731569 43.564034, -96.747168 43.563654, -96.774303 43.572962, -96.780137 43.543941)",27.60114288330078
890,15,12,15;22;23;24;13;12;,46;70;73;74;38;,"LINESTRING (-96.731504 43.529401, -96.731241 43.514858, -96.750904 43.514858, -96.749200 43.503164, -96.793377 43.490707, -96.780137 43.543941)",549.1851806640625
891,15,13,15;10;11;12;13;,43;27;33;37;,"LINESTRING (-96.731504 43.529401, -96.731438 43.545271, -96.746841 43.544131, -96.780137 43.543941, -96.793377 43.490707)",70.49208068847656
892,15,13,15;14;11;12;13;,44;40;33;37;,"LINESTRING (-96.731504 43.529401, -96.751035 43.529306, -96.746841 43.544131, -96.780137 43.543941, -96.793377 43.490707)",58.911888122558594
893,15,13,15;10;9;5;4;3;12;13;,43;26;23;11;8;7;37;,"LINESTRING (-96.731504 43.529401, -96.731438 43.545271, -96.731241 43.548596, -96.731569 43.564034, -96.747168 43.563654, -96.774303 43.572962, -96.780137 43.543941, -96.793377 43.490707)",0.02123028226196766
894,15,13,15;22;21;24;13;,46;69;66;74;,"LINESTRING (-96.731504 43.529401, -96.731241 43.514858, -96.730979 43.510485, -96.749200 43.503164, -96.793377 43.490707)",95.04946899414062
895,15,13,15;22;23;24;13;,46;70;73;74;,"LINESTRING (-96.731504 43.529401, -96.731241 43.514858, -96.750904 43.514858, -96.749200 43.503164, -96.793377 43.490707)",475.52520751953125
896,15,14,15;22;23;14;,46;70;71;,"LINESTRING (-96.731504 43.529401, -96.731241 43.514858, -96.750904 43.514858, -96.751035 43.529306)",0.0
897,15,16,15;19;17;16;,45;58;52;,"LINESTRING (-96.731504 43.529401, -96.711316 43.529591, -96.711382 43.541280, -96.711382 43.546744)",86.58047485351562
898,15,16,15;19;20;18;16;,45;59;60;55;,"LINESTRING (-96.731504 43.529401, -96.711316 43.529591, -96.711185 43.515333, -96.694078 43.546744, -96.711382 43.546744)",23.090578079223633
899,15,16,15;22;20;18;16;,46;68;60;55;,"LINESTRING (-96.731504 43.529401, -96.731241 43.514858, -96.711185 43.515333, -96.694078 43.546744, -96.711382 43.546744)",75.2039566040039
900,15,16,15;22;21;20;18;16;,46;69;64;60;55;,"LINESTRING (-96.731504 43.529401, -96.731241 43.514858, -96.730979 43.510485, -96.711185 43.515333, -96.694078 43.546744, -96.711382 43.546744)",1015.125
901,15,17,15;10;17;,43;30;,"LINESTRING (-96.731504 43.529401, -96.731438 43.545271, -96.711382 43.541280)",49.90556716918945
902,15,17,15;19;17;,45;58;,"LINESTRING (-96.731504 43.529401, -96.711316 43.529591, -96.711382 43.541280)",1450.094482421875
903,15,18,15;19;20;18;,45;59;60;,"LINESTRING (-96.731504 43.529401, -96.711316 43.529591, -96.711185 43.515333, -96.694078 43.546744)",77.40603637695312
904,15,18,15;22;20;18;,46;68;60;,"LINESTRING (-96.731504 43.529401, -96.731241 43.514858, -96.711185 43.515333, -96.694078 43.546744)",24.324565887451172
905,15,18,15;19;17;16;18;,45;58;52;50;,"LINESTRING (-96.731504 43.529401, -96.711316 43.529591, -96.711382 43.541280, -96.711382 43.546744, -96.694078 43.546744)",91.91646575927734
906,15,18,15;22;21;20;18;,46;69;64;60;,"LINESTRING (-96.731504 43.529401, -96.731241 43.514858, -96.730979 43.510485, -96.711185 43.515333, -96.694078 43.546744)",6.352935791015625
907,15,20,15;19;20;,45;59;,"LINESTRING (-96.731504 43.529401, -96.711316 43.529591, -96.711185 43.515333)",67.6919174194336
908,15,20,15;22;20;,46;68;,"LINESTRING (-96.731504 43.529401, -96.731241 43.514858, -96.711185 43.515333)",60.79831314086914
909,15,20,15;22;21;20;,46;69;64;,"LINESTRING (-96.731504 43.529401, -96.731241 43.514858, -96.730979 43.510485, -96.711185 43.515333)",55.41489791870117
910,15,20,15;19;17;16;18;20;,45;58;52;50;56;,"LINESTRING (-96.731504 43.529401, -96.711316 43.529591, -96.711382 43.541280, -96.711382 43.546744, -96.694078 43.546744, -96.711185 43.515333)",916.0948486328125
911,15,21,15;22;21;,46;69;,"LINESTRING (-96.731504 43.529401, -96.731241 43.514858, -96.730979 43.510485)",29.759841918945312
912,15,21,15;19;20;21;,45;59;62;,"LINESTRING (-96.731504 43.529401, -96.711316 43.529591, -96.711185 43.515333, -96.730979 43.510485)",770.2401733398438
913,15,22,15;19;20;22;,45;59;63;,"LINESTRING (-96.731504 43.529401, -96.711316 43.529591, -96.711185 43.515333, -96.731241 43.514858)",0.0
914,15,23,15;14;23;,44;42;,"LINESTRING (-96.731504 43.529401, -96.751035 43.529306, -96.750904 43.514858)",15.03307056427002
915,15,23,15;22;23;,46;70;,"LINESTRING (-96.731504 43.529401, -96.731241 43.514858, -96.750904 43.514858)",43.80874252319336
916,15,23,15;19;20;22;23;,45;59;63;70;,"LINESTRING (-96.731504 43.529401, -96.711316 43.529591, -96.711185 43.515333, -96.731241 43.514858, -96.750904 43.514858)",38.93895721435547
917,15,23,15;22;21;24;23;,46;69;66;76;,"LINESTRING (-96.731504 43.529401, -96.731241 43.514858, -96.730979 43.510485, -96.749200 43.503164, -96.750904 43.514858)",902.21923828125
918,15,24,15;14;23;24;,44;42;73;,"LINESTRING (-96.731504 43.529401, -96.751035 43.529306, -96.750904 43.514858, -96.749200 43.503164)",72.45349884033203
919,15,24,15;22;21;24;,46;69;66;,"LINESTRING (-96.731504 43.529401, -96.731241 43.514858, -96.730979 43.510485, -96.749200 43.503164)",78.16128540039062
920,15,24,15;22;23;24;,46;70;73;,"LINESTRING (-96.731504 43.529401, -96.731241 43.514858, -96.750904 43.514858, -96.749200 43.503164)",21.067054748535156
921,15,24,15;19;20;22;23;24;,45;59;63;70;73;,"LINESTRING (-96.731504 43.529401, -96.711316 43.529591, -96.711185 43.515333, -96.731241 43.514858, -96.750904 43.514858, -96.749200 43.503164)",228.31817626953125
922,16,1,16;8;6;2;1;,47;19;14;3;,"LINESTRING (-96.711382 43.546744, -96.711382 43.562324, -96.711644 43.587586, -96.711251 43.605813, -96.770420 43.612828)",93.28083038330078
923,16,1,16;10;9;5;4;3;1;,48;26;23;11;8;5;,"LINESTRING (-96.711382 43.546744, -96.731438 43.545271, -96.731241 43.548596, -96.731569 43.564034, -96.747168 43.563654, -96.774303 43.572962, -96.770420 43.612828)",58.053375244140625
924,16,1,16;18;7;8;6;2;1;,50;54;17;19;14;3;,"LINESTRING (-96.711382 43.546744, -96.694078 43.546744, -96.693423 43.563844, -96.711382 43.562324, -96.711644 43.587586, -96.711251 43.605813, -96.770420 43.612828)",63.394615173339844
925,16,1,16;18;7;8;9;5;4;3;1;,50;54;17;21;23;11;8;5;,"LINESTRING (-96.711382 43.546744, -96.694078 43.546744, -96.693423 43.563844, -96.711382 43.562324, -96.731241 43.548596, -96.731569 43.564034, -96.747168 43.563654, -96.774303 43.572962, -96.770420 43.612828)",285.2712707519531
926,16,2,16;8;6;2;,47;19;14;,"LINESTRING (-96.711382 43.546744, -96.711382 43.562324, -96.711644 43.587586, -96.711251 43.605813)",36.52323532104492
927,16,2,16;10;9;5;4;3;1;2;,48;26;23;11;8;5;1;,"LINESTRING (-96.711382 43.546744, -96.731438 43.545271, -96.731241 43.548596, -96.731569 43.564034, -96.747168 43.563654, -96.774303 43.572962, -96.770420 43.612828, -96.711251 43.605813)",92.90658569335938
928,16,2,16;18;7;8;6;2;,50;54;17;19;14;,"LINESTRING (-96.711382 43.546744, -96.694078 43.546744, -96.693423 43.563844, -96.711382 43.562324, -96.711644 43.587586, -96.711251 43.605813)",10.003684997558594
929,16,2,16;18;7;8;9;5;4;3;1;2;,50;54;17;21;23;11;8;5;1;,"LINESTRING (-96.711382 43.546744, -96.694078 43.546744, -96.693423 43.563844, -96.711382 43.562324, -96.731241 43.548596, -96.731569 43.564034, -96.747168 43.563654, -96.774303 43.572962, -96.770420 43.612828, -96.711251 43.605813)",260.5664978027344
930,16,3,16;8;6;2;1;3;,47;19;14;3;2;,"LINESTRING (-96.711382 43.546744, -96.711382 43.562324, -96.711644 43.587586, -96.711251 43.605813, -96.770420 43.612828, -96.774303 43.572962)",13.286741256713867
931,16,3,16;8;6;5;4;3;,47;19;15;11;8;,"LINESTRING (-96.711382 43.546744, -96.711382 43.562324, -96.711644 43.587586, -96.731569 43.564034, -96.747168 43.563654, -96.774303 43.572962)",25.377607345581055
932,16,3,16;8;9;5;4;3;,47;21;23;11;8;,"LINESTRING (-96.711382 43.546744, -96.711382 43.562324, -96.731241 43.548596, -96.731569 43.564034, -96.747168 43.563654, -96.774303 43.572962)",15.58462905883789
933,16,3,16;10;9;5;4;3;,48;26;23;11;8;,"LINESTRING (-96.711382 43.546744, -96.731438 43.545271, -96.731241 43.548596, -96.731569 43.564034, -96.747168 43.563654, -96.774303 43.572962)",69.99588012695312
934,16,3,16;18;7;8;6;2;1;3;,50;54;17;19;14;3;2;,"LINESTRING (-96.711382 43.546744, -96.694078 43.546744, -96.693423 43.563844, -96.711382 43.562324, -96.711644 43.587586, -96.711251 43.605813, -96.770420 43.612828, -96.774303 43.572962)",79.43035888671875
935,16,3,16;18;7;8;6;5;4;3;,50;54;17;19;15;11;8;,"LINESTRING (-96.711382 43.546744, -96.694078 43.546744, -96.693423 43.563844, -96.711382 43.562324, -96.711644 43.587586, -96.731569 43.564034, -96.747168 43.563654, -96.774303 43.572962)",43.37999725341797
936,16,3,16;18;7;8;9;5;4;3;,50;54;17;21;23;11;8;,"LINESTRING (-96.711382 43.546744, -96.694078 43.546744, -96.693423 43.563844, -96.711382 43.562324, -96.731241 43.548596, -96.731569 43.564034, -96.747168 43.563654, -96.774303 43.572962)",0.0
937,16,4,16;8;6;5;4;,47;19;15;11;,"LINESTRING (-96.711382 43.546744, -96.711382 43.562324, -96.711644 43.587586, -96.731569 43.564034, -96.747168 43.563654)",84.55664825439453
938,16,4,16;8;9;5;4;,47;21;23;11;,"LINESTRING (-96.711382 43.546744, -96.711382 43.562324, -96.731241 43.548596, -96.731569 43.564034, -96.747168 43.563654)",73.62230682373047
939,16,4,16;10;9;5;4;,48;26;23;11;,"LINESTRING (-96.711382 43.546744, -96.731438 43.545271, -96.731241 43.548596, -96.731569 43.564034, -96.747168 43.563654)",3.8954660892486572
940,16,4,16;18;7;8;6;5;4;,50;54;17;19;15;11;,"LINESTRING (-96.711382 43.546744, -96.694078 43.546744, -96.693423 43.563844, -96.711382 43.562324, -96.711644 43.587586, -96.731569 43.564034, -96.747168 43.563654)",46.04875183105469
941,16,4,16;18;7;8;9;5;4;,50;54;17;21;23;11;,"LINESTRING (-96.711382 43.546744, -96.694078 43.546744, -96.693423 43.563844, -96.711382 43.562324, -96.731241 43.548596, -96.731569 43.564034, -96.747168 43.563654)",591.8768310546875
942,16,5,16;8;6;5;,47;19;15;,"LINESTRING (-96.711382 43.546744, -96.711382 43.562324, -96.711644 43.587586, -96.731569 43.564034)",35.165313720703125
943,16,5,16;8;9;5;,47;21;23;,"LINESTRING (-96.711382 43.546744, -96.711382 43.562324, -96.731241 43.548596, -96.731569 43.564034)",87.92301940917969
944,16,5,16;10;9;5;,48;26;23;,"LINESTRING (-96.711382 43.546744, -96.731438 43.545271, -96.731241 43.548596, -96.731569 43.564034)",19.97382926940918
945,16,5,16;18;7;8;6;5;,50;54;17;19;15;,"LINESTRING (-96.711382 43.546744, -96.694078 43.546744, -96.693423 43.563844, -96.711382 43.562324, -96.711644 43.587586, -96.731569 43.564034)",13.008675575256348
946,16,5,16;18;7;8;9;5;,50;54;17;21;23;,"LINESTRING (-96.711382 43.546744, -96.694078 43.546744, -96.693423 43.563844, -96.711382 43.562324, -96.731241 43.548596, -96.731569 43.564034)",343.92913818359375
947,16,6,16;8;6;,47;19;,"LINESTRING (-96.711382 43.546744, -96.711382 43.562324, -96.711644 43.587586)",2.586895227432251
948,16,6,16;18;7;8;6;,50;54;17;19;,"LINESTRING (-96.711382 43.546744, -96.694078 43.546744, -96.693423 43.563844, -96.711382 43.562324, -96.711644 43.587586)",54.063629150390625
949,16,6,16;18;7;8;9;5;6;,50;54;17;21;23;12;,"LINESTRING (-96.711382 43.546744, -96.694078 43.546744, -96.693423 43.563844, -96.711382 43.562324, -96.731241 43.548596, -96.731569 43.564034, -96.711644 43.587586)",843.3494873046875
950,16,7,16;18;7;,50;54;,"LINESTRING (-96.711382 43.546744, -96.694078 43.546744, -96.693423 43.563844)",1400.0
951,16,8,16;18;7;8;,50;54;17;,"LINESTRING (-96.711382 43.546744, -96.694078 43.546744, -96.693423 43.563844, -96.711382 43.562324)",328.3555908203125
952,16,9,16;8;9;,47;21;,"LINESTRING (-96.711382 43.546744, -96.711382 43.562324, -96.731241 43.548596)",3.5784552097320557
953,16,9,16;10;9;,48;26;,"LINESTRING (-96.711382 43.546744, -96.731438 43.545271, -96.731241 43.548596)",80.72625732421875
954,16,9,16;8;6;5;9;,47;19;15;13;,"LINESTRING (-96.711382 43.546744, -96.711382 43.562324, -96.711644 43.587586, -96.731569 43.564034, -96.731241 43.548596)",41.96812057495117
955,16,9,16;18;7;8;9;,50;54;17;21;,"LINESTRING (-96.711382 43.546744, -96.694078 43.546744, -96.693423 43.563844, -96.711382 43.562324, -96.731241 43.548596)",1273.7271728515625
956,16,10,16;8;6;2;1;3;12;11;10;,47;19;14;3;2;7;36;32;,"LINESTRING (-96.711382 43.546744, -96.711382 43.562324, -96.711644 43.587586, -96.711251 43.605813, -96.770420 43.612828, -96.774303 43.572962, -96.780137 43.543941, -96.746841 43.544131, -96.731438 43.545271)",57.84366226196289
957,16,10,16;18;7;8;9;10;,50;54;17;21;25;,"LINESTRING (-96.711382 43.546744, -96.694078 43.546744, -96.693423 43.563844, -96.711382 43.562324, -96.731241 43.548596, -96.731438 43.545271)",65.31548309326172
958,16,10,16;18;20;19;15;10;,50;56;61;57;43;,"LINESTRING (-96.711382 43.546744, -96.694078 43.546744, -96.711185 43.515333, -96.711316 43.529591, -96.731504 43.529401, -96.731438 43.545271)",0.0
959,16,11,16;10;11;,48;27;,"LINESTRING (-96.711382 43.546744, -96.731438 43.545271, -96.746841 43.544131)",87.95909881591797
960,16,11,16;8;6;5;4;11;,47;19;15;11;10;,"LINESTRING (-96.711382 43.546744, -96.711382 43.562324, -96.711644 43.587586, -96.731569 43.564034, -96.747168 43.563654, -96.746841 43.544131)",1.9932860136032104
961,16,11,16;8;6;2;1;3;12;11;,47;19;14;3;2;7;36;,"LINESTRING (-96.711382 43.546744, -96.711382 43.562324, -96.711644 43.587586, -96.711251 43.605813, -96.770420 43.612828, -96.774303 43.572962, -96.780137 43.543941, -96.746841 43.544131)",24.69939422607422
962,16,11,16;18;7;8;9;5;4;11;,50;54;17;21;23;11;10;,"LINESTRING (-96.711382 43.546744, -96.694078 43.546744, -96.693423 43.563844, -96.711382 43.562324, -96.731241 43.548596, -96.731569 43.564034, -96.747168 43.563654, -96.746841 43.544131)",61.03002166748047
963,16,11,16;18;7;8;9;10;11;,50;54;17;21;25;27;,"LINESTRING (-96.711382 43.546744, -96.694078 43.546744, -96.693423 43.563844, -96.711382 43.562324, -96.731241 43.548596, -96.731438 43.545271, -96.746841 43.544131)",1224.3182373046875
964,16,12,16;8;6;2;1;3;12;,47;19;14;3;2;7;,"LINESTRING (-96.711382 43.546744, -96.711382 43.562324, -96.711644 43.587586, -96.711251 43.605813, -96.770420 43.612828, -96.774303 43.572962, -96.780137 43.543941)",73.4465103149414
965,16,12,16;8;6;5;4;3;12;,47;19;15;11;8;7;,"LINESTRING (-96.711382 43.546744, -96.711382 43.562324, -96.711644 43.587586, -96.731569 43.564034, -96.747168 43.563654, -96.774303 43.572962, -96.780137 43.543941)",97.72550201416016
966,16,12,16;10;11;12;,48;27;33;,"LINESTRING (-96.711382 43.546744, -96.731438 43.545271, -96.746841 43.544131, -96.780137 43.543941)",26.853620529174805
967,16,12,16;8;9;5;4;3;12;,47;21;23;11;8;7;,"LINESTRING (-96.711382 43.546744, -96.711382 43.562324, -96.731241 43.548596, -96.731569 43.564034, -96.747168 43.563654, -96.774303 43.572962, -96.780137 43.543941)",50.97886276245117
968,16,12,16;10;9;5;4;3;12;,48;26;23;11;8;7;,"LINESTRING (-96.711382 43.546744, -96.731438 43.545271, -96.731241 43.548596, -96.731569 43.564034, -96.747168 43.563654, -96.774303 43.572962, -96.780137 43.543941)",55.31388473510742
969,16,12,16;18;7;8;6;2;1;3;12;,50;54;17;19;14;3;2;7;,"LINESTRING (-96.711382 43.546744, -96.694078 43.546744, -96.693423 43.563844, -96.711382 43.562324, -96.711644 43.587586, -96.711251 43.605813, -96.770420 43.612828, -96.774303 43.572962, -96.780137 43.543941)",83.059326171875
970,16,12,16;18;7;8;6;5;4;3;12;,50;54;17;19;15;11;8;7;,"LINESTRING (-96.711382 43.546744, -96.694078 43.546744, -96.693423 43.563844, -96.711382 43.562324, -96.711644 43.587586, -96.731569 43.564034, -96.747168 43.563654, -96.774303 43.572962, -96.780137 43.543941)",71.34498596191406
971,16,12,16;18;7;8;9;5;4;3;12;,50;54;17;21;23;11;8;7;,"LINESTRING (-96.711382 43.546744, -96.694078 43.546744, -96.693423 43.563844, -96.711382 43.562324, -96.731241 43.548596, -96.731569 43.564034, -96.747168 43.563654, -96.774303 43.572962, -96.780137 43.543941)",27.79259490966797
972,16,12,16;18;20;21;24;13;12;,50;56;62;66;74;38;,"LINESTRING (-96.711382 43.546744, -96.694078 43.546744, -96.711185 43.515333, -96.730979 43.510485, -96.749200 43.503164, -96.793377 43.490707, -96.780137 43.543941)",213.48468017578125
973,16,13,16;8;6;2;1;3;12;13;,47;19;14;3;2;7;37;,"LINESTRING (-96.711382 43.546744, -96.711382 43.562324, -96.711644 43.587586, -96.711251 43.605813, -96.770420 43.612828, -96.774303 43.572962, -96.780137 43.543941, -96.793377 43.490707)",17.944978713989258
974,16,13,16;8;6;5;4;3;12;13;,47;19;15;11;8;7;37;,"LINESTRING (-96.711382 43.546744, -96.711382 43.562324, -96.711644 43.587586, -96.731569 43.564034, -96.747168 43.563654, -96.774303 43.572962, -96.780137 43.543941, -96.793377 43.490707)",8.196663856506348
975,16,13,16;10;11;12;13;,48;27;33;37;,"LINESTRING (-96.711382 43.546744, -96.731438 43.545271, -96.746841 43.544131, -96.780137 43.543941, -96.793377 43.490707)",48.97496032714844
976,16,13,16;10;9;5;4;3;12;13;,48;26;23;11;8;7;37;,"LINESTRING (-96.711382 43.546744, -96.731438 43.545271, -96.731241 43.548596, -96.731569 43.564034, -96.747168 43.563654, -96.774303 43.572962, -96.780137 43.543941, -96.793377 43.490707)",33.3118782043457
977,16,13,16;18;7;8;6;2;1;3;12;13;,50;54;17;19;14;3;2;7;37;,"LINESTRING (-96.711382 43.546744, -96.694078 43.546744, -96.693423 43.563844, -96.711382 43.562324, -96.711644 43.587586, -96.711251 43.605813, -96.770420 43.612828, -96.774303 43.572962, -96.780137 43.543941, -96.793377 43.490707)",36.441165924072266
978,16,13,16;18;20;21;24;13;,50;56;62;66;74;,"LINESTRING (-96.711382 43.546744, -96.694078 43.546744, -96.711185 43.515333, -96.730979 43.510485, -96.749200 43.503164, -96.793377 43.490707)",28.4052734375
979,16,13,16;18;20;22;23;24;13;,50;56;63;70;73;74;,"LINESTRING (-96.711382 43.546744, -96.694078 43.546744, -96.711185 43.515333, -96.731241 43.514858, -96.750904 43.514858, -96.749200 43.503164, -96.793377 43.490707)",426.72509765625
980,16,14,16;17;19;15;14;,49;53;57;44;,"LINESTRING (-96.711382 43.546744, -96.711382 43.541280, -96.711316 43.529591, -96.731504 43.529401, -96.751035 43.529306)",40.725608825683594
981,16,14,16;18;20;19;15;14;,50;56;61;57;44;,"LINESTRING (-96.711382 43.546744, -96.694078 43.546744, -96.711185 43.515333, -96.711316 43.529591, -96.731504 43.529401, -96.751035 43.529306)",9.440274238586426
982,16,14,16;18;20;22;23;14;,50;56;63;70;71;,"LINESTRING (-96.711382 43.546744, -96.694078 43.546744, -96.711185 43.515333, -96.731241 43.514858, -96.750904 43.514858, -96.751035 43.529306)",79.07075500488281
983,16,14,16;18;20;21;22;15;14;,50;56;62;65;67;44;,"LINESTRING (-96.711382 43.546744, -96.694078 43.546744, -96.711185 43.515333, -96.730979 43.510485, -96.731241 43.514858, -96.731504 43.529401, -96.751035 43.529306)",80.95747375488281
984,16,14,16;18;20;21;24;23;14;,50;56;62;66;76;71;,"LINESTRING (-96.711382 43.546744, -96.694078 43.546744, -96.711185 43.515333, -96.730979 43.510485, -96.749200 43.503164, -96.750904 43.514858, -96.751035 43.529306)",489.805908203125
985,16,15,16;10;15;,48;28;,"LINESTRING (-96.711382 43.546744, -96.731438 43.545271, -96.731504 43.529401)",72.20381164550781
986,16,15,16;17;19;15;,49;53;57;,"LINESTRING (-96.711382 43.546744, -96.711382 43.541280, -96.711316 43.529591, -96.731504 43.529401)",25.223186492919922
987,16,15,16;18;20;19;15;,50;56;61;57;,"LINESTRING (-96.711382 43.546744, -96.694078 43.546744, -96.711185 43.515333, -96.711316 43.529591, -96.731504 43.529401)",39.3622932434082
988,16,15,16;18;20;22;15;,50;56;63;67;,"LINESTRING (-96.711382 43.546744, -96.694078 43.546744, -96.711185 43.515333, -96.731241 43.514858, -96.731504 43.529401)",66.55458068847656
989,16,15,16;18;20;21;22;15;,50;56;62;65;67;,"LINESTRING (-96.711382 43.546744, -96.694078 43.546744, -96.711185 43.515333, -96.730979 43.510485, -96.731241 43.514858, -96.731504 43.529401)",996.6561279296875
990,16,17,16;18;20;19;15;10;17;,50;56;61;57;43;30;,"LINESTRING (-96.711382 43.546744, -96.694078 43.546744, -96.711185 43.515333, -96.711316 43.529591, -96.731504 43.529401, -96.731438 43.545271, -96.711382 43.541280)",0.0
991,16,19,16;17;19;,49;53;,"LINESTRING (-96.711382 43.546744, -96.711382 43.541280, -96.711316 43.529591)",91.19761657714844
992,16,19,16;18;20;19;,50;56;61;,"LINESTRING (-96.711382 43.546744, -96.694078 43.546744, -96.711185 43.515333, -96.711316 43.529591)",61.41789245605469
993,16,19,16;18;20;21;22;15;19;,50;56;62;65;67;45;,"LINESTRING (-96.711382 43.546744, -96.694078 43.546744, -96.711185 43.515333, -96.730979 43.510485, -96.731241 43.514858, -96.731504 43.529401, -96.711316 43.529591)",1147.384521484375
994,16,20,16;18;20;,50;56;,"LINESTRING (-96.711382 43.546744, -96.694078 43.546744, -96.711185 43.515333)",1600.0
995,16,21,16;18;20;21;,50;56;62;,"LINESTRING (-96.711382 43.546744, -96.694078 43.546744, -96.711185 43.515333, -96.730979 43.510485)",33.31441116333008
996,16,21,16;17;19;15;22;21;,49;53;57;46;69;,"LINESTRING (-96.711382 43.546744, -96.711382 43.541280, -96.711316 43.529591, -96.731504 43.529401, -96.731241 43.514858, -96.730979 43.510485)",566.6856079101562
997,16,22,16;18;20;22;,50;56;63;,"LINESTRING (-96.711382 43.546744, -96.694078 43.546744, -96.711185 43.515333, -96.731241 43.514858)",90.67546844482422
998,16,22,16;17;19;15;22;,49;53;57;46;,"LINESTRING (-96.711382 43.546744, -96.711382 43.541280, -96.711316 43.529591, -96.731504 43.529401, -96.731241 43.514858)",16.10629653930664
999,16,22,16;18;20;21;22;,50;56;62;65;,"LINESTRING (-96.711382 43.546744, -96.694078 43.546744, -96.711185 43.515333, -96.730979 43.510485, -96.731241 43.514858)",1093.21826171875
1000,16,23,16;18;20;22;23;,50;56;63;70;,"LINESTRING (-96.711382 43.546744, -96.694078 43.546744, -96.711185 43.515333, -96.731241 43.514858, -96.750904 43.514858)",98.02642822265625
1001,16,23,16;17;19;15;14;23;,49;53;57;44;42;,"LINESTRING (-96.711382 43.546744, -96.711382 43.541280, -96.711316 43.529591, -96.731504 43.529401, -96.751035 43.529306, -96.750904 43.514858)",44.0534782409668
1002,16,23,16;17;19;15;22;23;,49;53;57;46;70;,"LINESTRING (-96.711382 43.546744, -96.711382 43.541280, -96.711316 43.529591, -96.731504 43.529401, -96.731241 43.514858, -96.750904 43.514858)",17.618261337280273
1003,16,23,16;18;20;21;24;23;,50;56;62;66;76;,"LINESTRING (-96.711382 43.546744, -96.694078 43.546744, -96.711185 43.515333, -96.730979 43.510485, -96.749200 43.503164, -96.750904 43.514858)",340.30181884765625
1004,16,24,16;18;20;21;24;,50;56;62;66;,"LINESTRING (-96.711382 43.546744, -96.694078 43.546744, -96.711185 43.515333, -96.730979 43.510485, -96.749200 43.503164)",71.53793334960938
1005,16,24,16;18;20;22;23;24;,50;56;63;70;73;,"LINESTRING (-96.711382 43.546744, -96.694078 43.546744, -96.711185 43.515333, -96.731241 43.514858, -96.750904 43.514858, -96.749200 43.503164)",43.127037048339844
1006,16,24,16;17;19;15;22;21;24;,49;53;57;46;69;66;,"LINESTRING (-96.711382 43.546744, -96.711382 43.541280, -96.711316 43.529591, -96.731504 43.529401, -96.731241 43.514858, -96.730979 43.510485, -96.749200 43.503164)",55.09973907470703
1007,16,24,16;17;19;15;22;23;24;,49;53;57;46;70;73;,"LINESTRING (-96.711382 43.546744, -96.711382 43.541280, -96.711316 43.529591, -96.731504 43.529401, -96.731241 43.514858, -96.750904 43.514858, -96.749200 43.503164)",130.23529052734375
1008,17,1,17;10;11;4;3;1;,51;27;31;8;5;,"LINESTRING (-96.711382 43.541280, -96.731438 43.545271, -96.746841 43.544131, -96.747168 43.563654, -96.774303 43.572962, -96.770420 43.612828)",69.39807891845703
1009,17,1,17;10;9;5;4;3;1;,51;26;23;11;8;5;,"LINESTRING (-96.711382 43.541280, -96.731438 43.545271, -96.731241 43.548596, -96.731569 43.564034, -96.747168 43.563654, -96.774303 43.572962, -96.770420 43.612828)",62.83028030395508
1010,17,1,17;16;8;6;2;1;,52;47;19;14;3;,"LINESTRING (-96.711382 43.541280, -96.711382 43.546744, -96.711382 43.562324, -96.711644 43.587586, -96.711251 43.605813, -96.770420 43.612828)",4.6803297996521
1011,17,1,17;10;11;12;3;1;,51;27;33;35;5;,"LINESTRING (-96.711382 43.541280, -96.731438 43.545271, -96.746841 43.544131, -96.780137 43.543941, -96.774303 43.572962, -96.770420 43.612828)",5.613930702209473
1012,17,1,17;16;10;9;5;4;3;1;,52;48;26;23;11;8;5;,"LINESTRING (-96.711382 43.541280, -96.711382 43.546744, -96.731438 43.545271, -96.731241 43.548596, -96.731569 43.564034, -96.747168 43.563654, -96.774303 43.572962, -96.770420 43.612828)",257.47735595703125
1013,17,2,17;10;9;5;4;3;1;2;,51;26;23;11;8;5;1;,"LINESTRING (-96.711382 43.541280, -96.731438 43.545271, -96.731241 43.548596, -96.731569 43.564034, -96.747168 43.563654, -96.774303 43.572962, -96.770420 43.612828, -96.711251 43.605813)",75.74198150634766
1014,17,2,17;16;8;6;2;,52;47;19;14;,"LINESTRING (-96.711382 43.541280, -96.711382 43.546744, -96.711382 43.562324, -96.711644 43.587586, -96.711251 43.605813)",80.83749389648438
1015,17,2,17;10;11;12;3;1;2;,51;27;33;35;5;1;,"LINESTRING (-96.711382 43.541280, -96.731438 43.545271, -96.746841 43.544131, -96.780137 43.543941, -96.774303 43.572962, -96.770420 43.612828, -96.711251 43.605813)",25.2283935546875
1016,17,2,17;16;18;7;8;6;2;,52;50;54;17;19;14;,"LINESTRING (-96.711382 43.541280, -96.711382 43.546744, -96.694078 43.546744, -96.693423 43.563844, -96.711382 43.562324, -96.711644 43.587586, -96.711251 43.605813)",18.192138671875
1017,17,3,17;10;11;4;3;,51;27;31;8;,"LINESTRING (-96.711382 43.541280, -96.731438 43.545271, -96.746841 43.544131, -96.747168 43.563654, -96.774303 43.572962)",67.29202270507812
1018,17,3,17;10;9;5;4;3;,51;26;23;11;8;,"LINESTRING (-96.711382 43.541280, -96.731438 43.545271, -96.731241 43.548596, -96.731569 43.564034, -96.747168 43.563654, -96.774303 43.572962)",7.055548667907715
1019,17,3,17;16;8;6;2;1;3;,52;47;19;14;3;2;,"LINESTRING (-96.711382 43.541280, -96.711382 43.546744, -96.711382 43.562324, -96.711644 43.587586, -96.711251 43.605813, -96.770420 43.612828, -96.774303 43.572962)",42.96952438354492
1020,17,3,17;10;11;12;3;,51;27;33;35;,"LINESTRING (-96.711382 43.541280, -96.731438 43.545271, -96.746841 43.544131, -96.780137 43.543941, -96.774303 43.572962)",21.366233825683594
1021,17,3,17;16;8;6;5;4;3;,52;47;19;15;11;8;,"LINESTRING (-96.711382 43.541280, -96.711382 43.546744, -96.711382 43.562324, -96.711644 43.587586, -96.731569 43.564034, -96.747168 43.563654, -96.774303 43.572962)",1.7011266946792603
1022,17,3,17;16;10;9;5;4;3;,52;48;26;23;11;8;,"LINESTRING (-96.711382 43.541280, -96.711382 43.546744, -96.731438 43.545271, -96.731241 43.548596, -96.731569 43.564034, -96.747168 43.563654, -96.774303 43.572962)",0.0
1023,17,4,17;10;11;4;,51;27;31;,"LINESTRING (-96.711382 43.541280, -96.731438 43.545271, -96.746841 43.544131, -96.747168 43.563654)",65.40324401855469
1024,17,4,17;10;9;5;4;,51;26;23;11;,"LINESTRING (-96.711382 43.541280, -96.731438 43.545271, -96.731241 43.548596, -96.731569 43.564034, -96.747168 43.563654)",23.50692367553711
1025,17,4,17;16;8;6;5;4;,52;47;19;15;11;,"LINESTRING (-96.711382 43.541280, -96.711382 43.546744, -96.711382 43.562324, -96.711644 43.587586, -96.731569 43.564034, -96.747168 43.563654)",86.71746826171875
1026,17,4,17;16;10;9;5;4;,52;48;26;23;11;,"LINESTRING (-96.711382 43.541280, -96.711382 43.546744, -96.731438 43.545271, -96.731241 43.548596, -96.731569 43.564034, -96.747168 43.563654)",324.37237548828125
1027,17,5,17;10;9;5;,51;26;23;,"LINESTRING (-96.711382 43.541280, -96.731438 43.545271, -96.731241 43.548596, -96.731569 43.564034)",25.250289916992188
1028,17,5,17;10;11;4;5;,51;27;31;9;,"LINESTRING (-96.711382 43.541280, -96.731438 43.545271, -96.746841 43.544131, -96.747168 43.563654, -96.731569 43.564034)",44.03846740722656
1029,17,5,17;16;8;6;5;,52;47;19;15;,"LINESTRING (-96.711382 43.541280, -96.711382 43.546744, -96.711382 43.562324, -96.711644 43.587586, -96.731569 43.564034)",69.66026306152344
1030,17,5,17;16;10;9;5;,52;48;26;23;,"LINESTRING (-96.711382 43.541280, -96.711382 43.546744, -96.731438 43.545271, -96.731241 43.548596, -96.731569 43.564034)",61.05097961425781
1031,17,6,17;10;9;5;6;,51;26;23;12;,"LINESTRING (-96.711382 43.541280, -96.731438 43.545271, -96.731241 43.548596, -96.731569 43.564034, -96.711644 43.587586)",12.021750450134277
1032,17,6,17;16;8;6;,52;47;19;,"LINESTRING (-96.711382 43.541280, -96.711382 43.546744, -96.711382 43.562324, -96.711644 43.587586)",10.918099403381348
1033,17,6,17;10;11;4;5;6;,51;27;31;9;12;,"LINESTRING (-96.711382 43.541280, -96.731438 43.545271, -96.746841 43.544131, -96.747168 43.563654, -96.731569 43.564034, -96.711644 43.587586)",1.3121126890182495
1034,17,6,17;16;18;7;8;6;,52;50;54;17;19;,"LINESTRING (-96.711382 43.541280, -96.711382 43.546744, -96.694078 43.546744, -96.693423 43.563844, -96.711382 43.562324, -96.711644 43.587586)",475.748046875
1035,17,7,17;10;9;8;7;,51;26;24;20;,"LINESTRING (-96.711382 43.541280, -96.731438 43.545271, -96.731241 43.548596, -96.711382 43.562324, -96.693423 43.563844)",3.425837516784668
1036,17,7,17;16;18;7;,52;50;54;,"LINESTRING (-96.711382 43.541280, -96.711382 43.546744, -96.694078 43.546744, -96.693423 43.563844)",996.5741577148438
1037,17,8,17;16;8;,52;47;,"LINESTRING (-96.711382 43.541280, -96.711382 43.546744, -96.711382 43.562324)",81.48806762695312
1038,17,8,17;10;9;8;,51;26;24;,"LINESTRING (-96.711382 43.541280, -96.731438 43.545271, -96.731241 43.548596, -96.711382 43.562324)",96.99515533447266
1039,17,8,17;16;18;7;8;,52;50;54;17;,"LINESTRING (-96.711382 43.541280, -96.711382 43.546744, -96.694078 43.546744, -96.693423 43.563844, -96.711382 43.562324)",1221.516845703125
1040,17,9,17;10;9;,51;26;,"LINESTRING (-96.711382 43.541280, -96.731438 43.545271, -96.731241 43.548596)",50.28022384643555
1041,17,9,17;16;10;9;,52;48;26;,"LINESTRING (-96.711382 43.541280, -96.711382 43.546744, -96.731438 43.545271, -96.731241 43.548596)",849.7197875976562
1042,17,10,17;16;10;,52;48;,"LINESTRING (-96.711382 43.541280, -96.711382 43.546744, -96.731438 43.545271)",0.0
1043,17,11,17;10;11;,51;27;,"LINESTRING (-96.711382 43.541280, -96.731438 43.545271, -96.746841 43.544131)",37.37779998779297
1044,17,11,17;10;9;5;4;11;,51;26;23;11;10;,"LINESTRING (-96.711382 43.541280, -96.731438 43.545271, -96.731241 43.548596, -96.731569 43.564034, -96.747168 43.563654, -96.746841 43.544131)",37.35906982421875
1045,17,11,17;16;10;11;,52;48;27;,"LINESTRING (-96.711382 43.541280, -96.711382 43.546744, -96.731438 43.545271, -96.746841 43.544131)",43.59010696411133
1046,17,11,17;19;15;14;11;,53;57;44;40;,"LINESTRING (-96.711382 43.541280, -96.711316 43.529591, -96.731504 43.529401, -96.751035 43.529306, -96.746841 43.544131)",881.6730346679688
1047,17,12,17;10;11;12;,51;27;33;,"LINESTRING (-96.711382 43.541280, -96.731438 43.545271, -96.746841 43.544131, -96.780137 43.543941)",39.95934295654297
1048,17,12,17;10;9;5;4;3;12;,51;26;23;11;8;7;,"LINESTRING (-96.711382 43.541280, -96.731438 43.545271, -96.731241 43.548596, -96.731569 43.564034, -96.747168 43.563654, -96.774303 43.572962, -96.780137 43.543941)",43.446144104003906
1049,17,12,17;16;8;6;2;1;3;12;,52;47;19;14;3;2;7;,"LINESTRING (-96.711382 43.541280, -96.711382 43.546744, -96.711382 43.562324, -96.711644 43.587586, -96.711251 43.605813, -96.770420 43.612828, -96.774303 43.572962, -96.780137 43.543941)",59.39901351928711
1050,17,12,17;16;8;6;5;4;3;12;,52;47;19;15;11;8;7;,"LINESTRING (-96.711382 43.541280, -96.711382 43.546744, -96.711382 43.562324, -96.711644 43.587586, -96.731569 43.564034, -96.747168 43.563654, -96.774303 43.572962, -96.780137 43.543941)",53.87349319458008
1051,17,12,17;16;10;11;12;,52;48;27;33;,"LINESTRING (-96.711382 43.541280, -96.711382 43.546744, -96.731438 43.545271, -96.746841 43.544131, -96.780137 43.543941)",10.224884033203125
1052,17,12,17;16;10;9;5;4;3;12;,52;48;26;23;11;8;7;,"LINESTRING (-96.711382 43.541280, -96.711382 43.546744, -96.731438 43.545271, -96.731241 43.548596, -96.731569 43.564034, -96.747168 43.563654, -96.774303 43.572962, -96.780137 43.543941)",393.09710693359375
1053,17,13,17;10;11;12;13;,51;27;33;37;,"LINESTRING (-96.711382 43.541280, -96.731438 43.545271, -96.746841 43.544131, -96.780137 43.543941, -96.793377 43.490707)",37.95746994018555
1054,17,13,17;10;9;5;4;3;12;13;,51;26;23;11;8;7;37;,"LINESTRING (-96.711382 43.541280, -96.731438 43.545271, -96.731241 43.548596, -96.731569 43.564034, -96.747168 43.563654, -96.774303 43.572962, -96.780137 43.543941, -96.793377 43.490707)",56.81205368041992
1055,17,13,17;16;8;6;2;1;3;12;13;,52;47;19;14;3;2;7;37;,"LINESTRING (-96.711382 43.541280, -96.711382 43.546744, -96.711382 43.562324, -96.711644 43.587586, -96.711251 43.605813, -96.770420 43.612828, -96.774303 43.572962, -96.780137 43.543941, -96.793377 43.490707)",30.213699340820312
1056,17,13,17;16;8;6;5;4;3;12;13;,52;47;19;15;11;8;7;37;,"LINESTRING (-96.711382 43.541280, -96.711382 43.546744, -96.711382 43.562324, -96.711644 43.587586, -96.731569 43.564034, -96.747168 43.563654, -96.774303 43.572962, -96.780137 43.543941, -96.793377 43.490707)",95.058349609375
1057,17,13,17;19;15;22;21;24;13;,53;57;46;69;66;74;,"LINESTRING (-96.711382 43.541280, -96.711316 43.529591, -96.731504 43.529401, -96.731241 43.514858, -96.730979 43.510485, -96.749200 43.503164, -96.793377 43.490707)",2.789046287536621
1058,17,13,17;19;15;22;23;24;13;,53;57;46;70;73;74;,"LINESTRING (-96.711382 43.541280, -96.711316 43.529591, -96.731504 43.529401, -96.731241 43.514858, -96.750904 43.514858, -96.749200 43.503164, -96.793377 43.490707)",277.16937255859375
1059,17,14,17;10;15;14;,51;28;44;,"LINESTRING (-96.711382 43.541280, -96.731438 43.545271, -96.731504 43.529401, -96.751035 43.529306)",18.204547882080078
1060,17,14,17;19;15;14;,53;57;44;,"LINESTRING (-96.711382 43.541280, -96.711316 43.529591, -96.731504 43.529401, -96.751035 43.529306)",5.414485931396484
1061,17,14,17;19;15;22;23;14;,53;57;46;70;71;,"LINESTRING (-96.711382 43.541280, -96.711316 43.529591, -96.731504 43.529401, -96.731241 43.514858, -96.750904 43.514858, -96.751035 43.529306)",676.3809814453125
1062,17,15,17;10;15;,51;28;,"LINESTRING (-96.711382 43.541280, -96.731438 43.545271, -96.731504 43.529401)",25.702878952026367
1063,17,15,17;19;15;,53;57;,"LINESTRING (-96.711382 43.541280, -96.711316 43.529591, -96.731504 43.529401)",1474.297119140625
1064,17,16,17;10;15;19;20;18;16;,51;28;45;59;60;55;,"LINESTRING (-96.711382 43.541280, -96.731438 43.545271, -96.731504 43.529401, -96.711316 43.529591, -96.711185 43.515333, -96.694078 43.546744, -96.711382 43.546744)",0.0
1065,17,18,17;16;18;,52;50;,"LINESTRING (-96.711382 43.541280, -96.711382 43.546744, -96.694078 43.546744)",55.64956283569336
1066,17,18,17;10;15;19;20;18;,51;28;45;59;60;,"LINESTRING (-96.711382 43.541280, -96.731438 43.545271, -96.731504 43.529401, -96.711316 43.529591, -96.711185 43.515333, -96.694078 43.546744)",544.3504638671875
1067,17,19,17;10;15;19;,51;28;45;,"LINESTRING (-96.711382 43.541280, -96.731438 43.545271, -96.731504 43.529401, -96.711316 43.529591)",0.0
1068,17,20,17;19;20;,53;59;,"LINESTRING (-96.711382 43.541280, -96.711316 43.529591, -96.711185 43.515333)",41.40386199951172
1069,17,20,17;16;18;20;,52;50;56;,"LINESTRING (-96.711382 43.541280, -96.711382 43.546744, -96.694078 43.546744, -96.711185 43.515333)",27.72214698791504
1070,17,20,17;10;15;19;20;,51;28;45;59;,"LINESTRING (-96.711382 43.541280, -96.731438 43.545271, -96.731504 43.529401, -96.711316 43.529591, -96.711185 43.515333)",29.535472869873047
1071,17,20,17;10;15;22;21;20;,51;28;46;69;64;,"LINESTRING (-96.711382 43.541280, -96.731438 43.545271, -96.731504 43.529401, -96.731241 43.514858, -96.730979 43.510485, -96.711185 43.515333)",1601.3385009765625
1072,17,21,17;10;15;22;21;,51;28;46;69;,"LINESTRING (-96.711382 43.541280, -96.731438 43.545271, -96.731504 43.529401, -96.731241 43.514858, -96.730979 43.510485)",63.95717239379883
1073,17,21,17;16;18;20;21;,52;50;56;62;,"LINESTRING (-96.711382 43.541280, -96.711382 43.546744, -96.694078 43.546744, -96.711185 43.515333, -96.730979 43.510485)",74.85009765625
1074,17,21,17;19;15;22;21;,53;57;46;69;,"LINESTRING (-96.711382 43.541280, -96.711316 43.529591, -96.731504 43.529401, -96.731241 43.514858, -96.730979 43.510485)",15.68443489074707
1075,17,21,17;10;15;19;20;21;,51;28;45;59;62;,"LINESTRING (-96.711382 43.541280, -96.731438 43.545271, -96.731504 43.529401, -96.711316 43.529591, -96.711185 43.515333, -96.730979 43.510485)",445.50830078125
1076,17,22,17;10;15;22;,51;28;46;,"LINESTRING (-96.711382 43.541280, -96.731438 43.545271, -96.731504 43.529401, -96.731241 43.514858)",62.36819076538086
1077,17,22,17;19;15;22;,53;57;46;,"LINESTRING (-96.711382 43.541280, -96.711316 43.529591, -96.731504 43.529401, -96.731241 43.514858)",28.502086639404297
1078,17,22,17;10;15;19;20;22;,51;28;45;59;63;,"LINESTRING (-96.711382 43.541280, -96.731438 43.545271, -96.731504 43.529401, -96.711316 43.529591, -96.711185 43.515333, -96.731241 43.514858)",1609.1297607421875
1079,17,23,17;19;15;14;23;,53;57;44;42;,"LINESTRING (-96.711382 43.541280, -96.711316 43.529591, -96.731504 43.529401, -96.751035 43.529306, -96.750904 43.514858)",44.49897384643555
1080,17,23,17;19;15;22;23;,53;57;46;70;,"LINESTRING (-96.711382 43.541280, -96.711316 43.529591, -96.731504 43.529401, -96.731241 43.514858, -96.750904 43.514858)",78.0460205078125
1081,17,23,17;10;15;19;20;22;23;,51;28;45;59;63;70;,"LINESTRING (-96.711382 43.541280, -96.731438 43.545271, -96.731504 43.529401, -96.711316 43.529591, -96.711185 43.515333, -96.731241 43.514858, -96.750904 43.514858)",59.679290771484375
1082,17,23,17;10;15;22;21;24;23;,51;28;46;69;66;76;,"LINESTRING (-96.711382 43.541280, -96.731438 43.545271, -96.731504 43.529401, -96.731241 43.514858, -96.730979 43.510485, -96.749200 43.503164, -96.750904 43.514858)",62.391876220703125
1083,17,23,17;19;15;22;21;24;23;,53;57;46;69;66;76;,"LINESTRING (-96.711382 43.541280, -96.711316 43.529591, -96.731504 43.529401, -96.731241 43.514858, -96.730979 43.510485, -96.749200 43.503164, -96.750904 43.514858)",355.38385009765625
1084,17,24,17;10;15;22;21;24;,51;28;46;69;66;,"LINESTRING (-96.711382 43.541280, -96.731438 43.545271, -96.731504 43.529401, -96.731241 43.514858, -96.730979 43.510485, -96.749200 43.503164)",54.230224609375
1085,17,24,17;16;18;20;21;24;,52;50;56;62;66;,"LINESTRING (-96.711382 43.541280, -96.711382 43.546744, -96.694078 43.546744, -96.711185 43.515333, -96.730979 43.510485, -96.749200 43.503164)",95.65190124511719
1086,17,24,17;19;15;22;21;24;,53;57;46;69;66;,"LINESTRING (-96.711382 43.541280, -96.711316 43.529591, -96.731504 43.529401, -96.731241 43.514858, -96.730979 43.510485, -96.749200 43.503164)",0.7850832343101501
1087,17,24,17;19;15;22;23;24;,53;57;46;70;73;,"LINESTRING (-96.711382 43.541280, -96.711316 43.529591, -96.731504 43.529401, -96.731241 43.514858, -96.750904 43.514858, -96.749200 43.503164)",6.1385393142700195
1088,17,24,17;10;15;19;20;22;23;24;,51;28;45;59;63;70;73;,"LINESTRING (-96.711382 43.541280, -96.731438 43.545271, -96.731504 43.529401, -96.711316 43.529591, -96.711185 43.515333, -96.731241 43.514858, -96.750904 43.514858, -96.749200 43.503164)",143.19435119628906
1089,18,1,18;7;8;6;2;1;,54;17;19;14;3;,"LINESTRING (-96.694078 43.546744, -96.693423 43.563844, -96.711382 43.562324, -96.711644 43.587586, -96.711251 43.605813, -96.770420 43.612828)",25.310649871826172
1090,18,1,18;16;8;6;2;1;,55;47;19;14;3;,"LINESTRING (-96.694078 43.546744, -96.711382 43.546744, -96.711382 43.562324, -96.711644 43.587586, -96.711251 43.605813, -96.770420 43.612828)",30.175554275512695
1091,18,1,18;7;8;9;5;4;3;1;,54;17;21;23;11;8;5;,"LINESTRING (-96.694078 43.546744, -96.693423 43.563844, -96.711382 43.562324, -96.731241 43.548596, -96.731569 43.564034, -96.747168 43.563654, -96.774303 43.572962, -96.770420 43.612828)",91.74600982666016
1092,18,1,18;16;10;9;5;4;3;1;,55;48;26;23;11;8;5;,"LINESTRING (-96.694078 43.546744, -96.711382 43.546744, -96.731438 43.545271, -96.731241 43.548596, -96.731569 43.564034, -96.747168 43.563654, -96.774303 43.572962, -96.770420 43.612828)",0.0
1093,18,4,18;7;8;6;5;4;,54;17;19;15;11;,"LINESTRING (-96.694078 43.546744, -96.693423 43.563844, -96.711382 43.562324, -96.711644 43.587586, -96.731569 43.564034, -96.747168 43.563654)",12.885498046875
1094,18,4,18;7;8;9;5;4;,54;17;21;23;11;,"LINESTRING (-96.694078 43.546744, -96.693423 43.563844, -96.711382 43.562324, -96.731241 43.548596, -96.731569 43.564034, -96.747168 43.563654)",84.78629302978516
1095,18,4,18;16;8;6;5;4;,55;47;19;15;11;,"LINESTRING (-96.694078 43.546744, -96.711382 43.546744, -96.711382 43.562324, -96.711644 43.587586, -96.731569 43.564034, -96.747168 43.563654)",41.892967224121094
1096,18,4,18;16;10;9;5;4;,55;48;26;23;11;,"LINESTRING (-96.694078 43.546744, -96.711382 43.546744, -96.731438 43.545271, -96.731241 43.548596, -96.731569 43.564034, -96.747168 43.563654)",0.0
1097,18,6,18;7;8;6;,54;17;19;,"LINESTRING (-96.694078 43.546744, -96.693423 43.563844, -96.711382 43.562324, -96.711644 43.587586)",9.931768417358398
1098,18,6,18;16;8;6;,55;47;19;,"LINESTRING (-96.694078 43.546744, -96.711382 43.546744, -96.711382 43.562324, -96.711644 43.587586)",72.40798950195312
1099,18,6,18;7;8;9;5;6;,54;17;21;23;12;,"LINESTRING (-96.694078 43.546744, -96.693423 43.563844, -96.711382 43.562324, -96.731241 43.548596, -96.731569 43.564034, -96.711644 43.587586)",17.660240173339844
1100,18,8,18;7;8;,54;17;,"LINESTRING (-96.694078 43.546744, -96.693423 43.563844, -96.711382 43.562324)",49.791053771972656
1101,18,8,18;16;8;,55;47;,"LINESTRING (-96.694078 43.546744, -96.711382 43.546744, -96.711382 43.562324)",250.20895385742188
1102,18,9,18;7;8;9;,54;17;21;,"LINESTRING (-96.694078 43.546744, -96.693423 43.563844, -96.711382 43.562324, -96.731241 43.548596)",81.39653778076172
1103,18,9,18;7;8;6;5;9;,54;17;19;15;13;,"LINESTRING (-96.694078 43.546744, -96.693423 43.563844, -96.711382 43.562324, -96.711644 43.587586, -96.731569 43.564034, -96.731241 43.548596)",4.748768329620361
1104,18,9,18;16;10;9;,55;48;26;,"LINESTRING (-96.694078 43.546744, -96.711382 43.546744, -96.731438 43.545271, -96.731241 43.548596)",113.85469055175781
1105,18,10,18;16;10;,55;48;,"LINESTRING (-96.694078 43.546744, -96.711382 43.546744, -96.731438 43.545271)",32.33631896972656
1106,18,10,18;7;8;9;10;,54;17;21;25;,"LINESTRING (-96.694078 43.546744, -96.693423 43.563844, -96.711382 43.562324, -96.731241 43.548596, -96.731438 43.545271)",44.33059310913086
1107,18,10,18;20;19;15;10;,56;61;57;43;,"LINESTRING (-96.694078 43.546744, -96.711185 43.515333, -96.711316 43.529591, -96.731504 43.529401, -96.731438 43.545271)",32.15992736816406
1108,18,10,18;20;21;22;15;10;,56;62;65;67;43;,"LINESTRING (-96.694078 43.546744, -96.711185 43.515333, -96.730979 43.510485, -96.731241 43.514858, -96.731504 43.529401, -96.731438 43.545271)",591.1731567382812
1109,18,11,18;7;8;6;5;4;11;,54;17;19;15;11;10;,"LINESTRING (-96.694078 43.546744, -96.693423 43.563844, -96.711382 43.562324, -96.711644 43.587586, -96.731569 43.564034, -96.747168 43.563654, -96.746841 43.544131)",77.61571502685547
1110,18,11,18;16;10;11;,55;48;27;,"LINESTRING (-96.694078 43.546744, -96.711382 43.546744, -96.731438 43.545271, -96.746841 43.544131)",83.14996337890625
1111,18,11,18;7;8;9;5;4;11;,54;17;21;23;11;10;,"LINESTRING (-96.694078 43.546744, -96.693423 43.563844, -96.711382 43.562324, -96.731241 43.548596, -96.731569 43.564034, -96.747168 43.563654, -96.746841 43.544131)",50.48110580444336
1112,18,11,18;7;8;9;10;11;,54;17;21;25;27;,"LINESTRING (-96.694078 43.546744, -96.693423 43.563844, -96.711382 43.562324, -96.731241 43.548596, -96.731438 43.545271, -96.746841 43.544131)",7.731264591217041
1113,18,11,18;7;8;6;2;1;3;12;11;,54;17;19;14;3;2;7;36;,"LINESTRING (-96.694078 43.546744, -96.693423 43.563844, -96.711382 43.562324, -96.711644 43.587586, -96.711251 43.605813, -96.770420 43.612828, -96.774303 43.572962, -96.780137 43.543941, -96.746841 43.544131)",0.0
1114,18,12,18;7;8;6;2;1;3;12;,54;17;19;14;3;2;7;,"LINESTRING (-96.694078 43.546744, -96.693423 43.563844, -96.711382 43.562324, -96.711644 43.587586, -96.711251 43.605813, -96.770420 43.612828, -96.774303 43.572962, -96.780137 43.543941)",44.09044647216797
1115,18,12,18;7;8;6;5;4;3;12;,54;17;19;15;11;8;7;,"LINESTRING (-96.694078 43.546744, -96.693423 43.563844, -96.711382 43.562324, -96.711644 43.587586, -96.731569 43.564034, -96.747168 43.563654, -96.774303 43.572962, -96.780137 43.543941)",81.54025268554688
1116,18,12,18;7;8;9;5;4;3;12;,54;17;21;23;11;8;7;,"LINESTRING (-96.694078 43.546744, -96.693423 43.563844, -96.711382 43.562324, -96.731241 43.548596, -96.731569 43.564034, -96.747168 43.563654, -96.774303 43.572962, -96.780137 43.543941)",66.5702896118164
1117,18,12,18;16;8;6;5;4;3;12;,55;47;19;15;11;8;7;,"LINESTRING (-96.694078 43.546744, -96.711382 43.546744, -96.711382 43.562324, -96.711644 43.587586, -96.731569 43.564034, -96.747168 43.563654, -96.774303 43.572962, -96.780137 43.543941)",43.92778396606445
1118,18,12,18;16;10;11;12;,55;48;27;33;,"LINESTRING (-96.694078 43.546744, -96.711382 43.546744, -96.731438 43.545271, -96.746841 43.544131, -96.780137 43.543941)",23.05636978149414
1119,18,12,18;16;10;9;5;4;3;12;,55;48;26;23;11;8;7;,"LINESTRING (-96.694078 43.546744, -96.711382 43.546744, -96.731438 43.545271, -96.731241 43.548596, -96.731569 43.564034, -96.747168 43.563654, -96.774303 43.572962, -96.780137 43.543941)",59.101280212402344
1120,18,12,18;20;21;24;13;12;,56;62;66;74;38;,"LINESTRING (-96.694078 43.546744, -96.711185 43.515333, -96.730979 43.510485, -96.749200 43.503164, -96.793377 43.490707, -96.780137 43.543941)",0.0
1121,18,13,18;7;8;6;2;1;3;12;13;,54;17;19;14;3;2;7;37;,"LINESTRING (-96.694078 43.546744, -96.693423 43.563844, -96.711382 43.562324, -96.711644 43.587586, -96.711251 43.605813, -96.770420 43.612828, -96.774303 43.572962, -96.780137 43.543941, -96.793377 43.490707)",30.103315353393555
1122,18,13,18;7;8;6;5;4;3;12;13;,54;17;19;15;11;8;7;37;,"LINESTRING (-96.694078 43.546744, -96.693423 43.563844, -96.711382 43.562324, -96.711644 43.587586, -96.731569 43.564034, -96.747168 43.563654, -96.774303 43.572962, -96.780137 43.543941, -96.793377 43.490707)",98.75167846679688
1123,18,13,18;16;8;6;5;4;3;12;13;,55;47;19;15;11;8;7;37;,"LINESTRING (-96.694078 43.546744, -96.711382 43.546744, -96.711382 43.562324, -96.711644 43.587586, -96.731569 43.564034, -96.747168 43.563654, -96.774303 43.572962, -96.780137 43.543941, -96.793377 43.490707)",72.24989318847656
1124,18,13,18;16;10;9;5;4;3;12;13;,55;48;26;23;11;8;7;37;,"LINESTRING (-96.694078 43.546744, -96.711382 43.546744, -96.731438 43.545271, -96.731241 43.548596, -96.731569 43.564034, -96.747168 43.563654, -96.774303 43.572962, -96.780137 43.543941, -96.793377 43.490707)",65.81848907470703
1125,18,13,18;20;21;24;13;,56;62;66;74;,"LINESTRING (-96.694078 43.546744, -96.711185 43.515333, -96.730979 43.510485, -96.749200 43.503164, -96.793377 43.490707)",58.77925109863281
1126,18,13,18;20;22;23;24;13;,56;63;70;73;74;,"LINESTRING (-96.694078 43.546744, -96.711185 43.515333, -96.731241 43.514858, -96.750904 43.514858, -96.749200 43.503164, -96.793377 43.490707)",0.0
1127,18,14,18;20;19;15;14;,56;61;57;44;,"LINESTRING (-96.694078 43.546744, -96.711185 43.515333, -96.711316 43.529591, -96.731504 43.529401, -96.751035 43.529306)",51.89889144897461
1128,18,14,18;16;17;19;15;14;,55;49;53;57;44;,"LINESTRING (-96.694078 43.546744, -96.711382 43.546744, -96.711382 43.541280, -96.711316 43.529591, -96.731504 43.529401, -96.751035 43.529306)",46.81864547729492
1129,18,14,18;20;22;23;14;,56;63;70;71;,"LINESTRING (-96.694078 43.546744, -96.711185 43.515333, -96.731241 43.514858, -96.750904 43.514858, -96.751035 43.529306)",20.784717559814453
1130,18,14,18;20;21;22;15;14;,56;62;65;67;44;,"LINESTRING (-96.694078 43.546744, -96.711185 43.515333, -96.730979 43.510485, -96.731241 43.514858, -96.731504 43.529401, -96.751035 43.529306)",15.887032508850098
1131,18,14,18;20;21;24;23;14;,56;62;66;76;71;,"LINESTRING (-96.694078 43.546744, -96.711185 43.515333, -96.730979 43.510485, -96.749200 43.503164, -96.750904 43.514858, -96.751035 43.529306)",0.0
1132,18,15,18;20;19;15;,56;61;57;,"LINESTRING (-96.694078 43.546744, -96.711185 43.515333, -96.711316 43.529591, -96.731504 43.529401)",92.77540588378906
1133,18,15,18;20;22;15;,56;63;67;,"LINESTRING (-96.694078 43.546744, -96.711185 43.515333, -96.731241 43.514858, -96.731504 43.529401)",63.19622039794922
1134,18,15,18;16;17;19;15;,55;49;53;57;,"LINESTRING (-96.694078 43.546744, -96.711382 43.546744, -96.711382 43.541280, -96.711316 43.529591, -96.731504 43.529401)",91.40697479248047
1135,18,15,18;20;21;22;15;,56;62;65;67;,"LINESTRING (-96.694078 43.546744, -96.711185 43.515333, -96.730979 43.510485, -96.731241 43.514858, -96.731504 43.529401)",0.0
1136,18,17,18;16;17;,55;49;,"LINESTRING (-96.694078 43.546744, -96.711382 43.546744, -96.711382 43.541280)",95.40897369384766
1137,18,17,18;20;19;15;10;17;,56;61;57;43;30;,"LINESTRING (-96.694078 43.546744, -96.711185 43.515333, -96.711316 43.529591, -96.731504 43.529401, -96.731438 43.545271, -96.711382 43.541280)",504.5910339355469
1138,18,19,18;20;19;,56;61;,"LINESTRING (-96.694078 43.546744, -96.711185 43.515333, -96.711316 43.529591)",9.435405731201172
1139,18,19,18;16;17;19;,55;49;53;,"LINESTRING (-96.694078 43.546744, -96.711382 43.546744, -96.711382 43.541280, -96.711316 43.529591)",93.318603515625
1140,18,19,18;20;21;22;15;19;,56;62;65;67;45;,"LINESTRING (-96.694078 43.546744, -96.711185 43.515333, -96.730979 43.510485, -96.731241 43.514858, -96.731504 43.529401, -96.711316 43.529591)",197.24598693847656
1141,18,21,18;20;21;,56;62;,"LINESTRING (-96.694078 43.546744, -96.711185 43.515333, -96.730979 43.510485)",100.0
1142,18,22,18;20;22;,56;63;,"LINESTRING (-96.694078 43.546744, -96.711185 43.515333, -96.731241 43.514858)",53.86387634277344
1143,18,22,18;20;21;22;,56;62;65;,"LINESTRING (-96.694078 43.546744, -96.711185 43.515333, -96.730979 43.510485, -96.731241 43.514858)",33.630035400390625
1144,18,22,18;16;17;19;15;22;,55;49;53;57;46;,"LINESTRING (-96.694078 43.546744, -96.711382 43.546744, -96.711382 43.541280, -96.711316 43.529591, -96.731504 43.529401, -96.731241 43.514858)",212.50608825683594
1145,18,23,18;20;22;23;,56;63;70;,"LINESTRING (-96.694078 43.546744, -96.711185 43.515333, -96.731241 43.514858, -96.750904 43.514858)",36.884063720703125
1146,18,23,18;20;21;24;23;,56;62;66;76;,"LINESTRING (-96.694078 43.546744, -96.711185 43.515333, -96.730979 43.510485, -96.749200 43.503164, -96.750904 43.514858)",70.11688232421875
1147,18,23,18;16;17;19;15;14;23;,55;49;53;57;44;42;,"LINESTRING (-96.694078 43.546744, -96.711382 43.546744, -96.711382 43.541280, -96.711316 43.529591, -96.731504 43.529401, -96.751035 43.529306, -96.750904 43.514858)",32.03803634643555
1148,18,23,18;16;17;19;15;22;23;,55;49;53;57;46;70;,"LINESTRING (-96.694078 43.546744, -96.711382 43.546744, -96.711382 43.541280, -96.711316 43.529591, -96.731504 43.529401, -96.731241 43.514858, -96.750904 43.514858)",0.0
1149,19,1,19;15;10;11;4;3;1;,57;43;27;31;8;5;,"LINESTRING (-96.711316 43.529591, -96.731504 43.529401, -96.731438 43.545271, -96.746841 43.544131, -96.747168 43.563654, -96.774303 43.572962, -96.770420 43.612828)",88.23443603515625
1150,19,1,19;15;10;9;5;4;3;1;,57;43;26;23;11;8;5;,"LINESTRING (-96.711316 43.529591, -96.731504 43.529401, -96.731438 43.545271, -96.731241 43.548596, -96.731569 43.564034, -96.747168 43.563654, -96.774303 43.572962, -96.770420 43.612828)",60.28274917602539
1151,19,1,19;17;16;8;6;2;1;,58;52;47;19;14;3;,"LINESTRING (-96.711316 43.529591, -96.711382 43.541280, -96.711382 43.546744, -96.711382 43.562324, -96.711644 43.587586, -96.711251 43.605813, -96.770420 43.612828)",6.527923107147217
1152,19,1,19;15;10;11;12;3;1;,57;43;27;33;35;5;,"LINESTRING (-96.711316 43.529591, -96.731504 43.529401, -96.731438 43.545271, -96.746841 43.544131, -96.780137 43.543941, -96.774303 43.572962, -96.770420 43.612828)",61.374324798583984
1153,19,1,19;15;14;11;12;3;1;,57;44;40;33;35;5;,"LINESTRING (-96.711316 43.529591, -96.731504 43.529401, -96.751035 43.529306, -96.746841 43.544131, -96.780137 43.543941, -96.774303 43.572962, -96.770420 43.612828)",81.0931167602539
1154,19,1,19;15;22;23;24;13;12;3;1;,57;46;70;73;74;38;35;5;,"LINESTRING (-96.711316 43.529591, -96.731504 43.529401, -96.731241 43.514858, -96.750904 43.514858, -96.749200 43.503164, -96.793377 43.490707, -96.780137 43.543941, -96.774303 43.572962, -96.770420 43.612828)",2.487457275390625
1155,19,2,19;15;10;9;5;4;3;1;2;,57;43;26;23;11;8;5;1;,"LINESTRING (-96.711316 43.529591, -96.731504 43.529401, -96.731438 43.545271, -96.731241 43.548596, -96.731569 43.564034, -96.747168 43.563654, -96.774303 43.572962, -96.770420 43.612828, -96.711251 43.605813)",4.544257640838623
1156,19,2,19;17;16;8;6;2;,58;52;47;19;14;,"LINESTRING (-96.711316 43.529591, -96.711382 43.541280, -96.711382 43.546744, -96.711382 43.562324, -96.711644 43.587586, -96.711251 43.605813)",91.09823608398438
1157,19,2,19;20;18;7;8;6;2;,59;60;54;17;19;14;,"LINESTRING (-96.711316 43.529591, -96.711185 43.515333, -96.694078 43.546744, -96.693423 43.563844, -96.711382 43.562324, -96.711644 43.587586, -96.711251 43.605813)",56.68446350097656
1158,19,2,19;15;22;21;20;18;7;8;6;2;,57;46;69;64;60;54;17;19;14;,"LINESTRING (-96.711316 43.529591, -96.731504 43.529401, -96.731241 43.514858, -96.730979 43.510485, -96.711185 43.515333, -96.694078 43.546744, -96.693423 43.563844, -96.711382 43.562324, -96.711644 43.587586, -96.711251 43.605813)",0.0
1159,19,4,19;15;10;11;4;,57;43;27;31;,"LINESTRING (-96.711316 43.529591, -96.731504 43.529401, -96.731438 43.545271, -96.746841 43.544131, -96.747168 43.563654)",70.54731750488281
1160,19,4,19;15;10;9;5;4;,57;43;26;23;11;,"LINESTRING (-96.711316 43.529591, -96.731504 43.529401, -96.731438 43.545271, -96.731241 43.548596, -96.731569 43.564034, -96.747168 43.563654)",44.570159912109375
1161,19,4,19;17;16;8;6;5;4;,58;52;47;19;15;11;,"LINESTRING (-96.711316 43.529591, -96.711382 43.541280, -96.711382 43.546744, -96.711382 43.562324, -96.711644 43.587586, -96.731569 43.564034, -96.747168 43.563654)",93.87535095214844
1162,19,4,19;17;16;10;9;5;4;,58;52;48;26;23;11;,"LINESTRING (-96.711316 43.529591, -96.711382 43.541280, -96.711382 43.546744, -96.731438 43.545271, -96.731241 43.548596, -96.731569 43.564034, -96.747168 43.563654)",0.0
1163,19,5,19;15;10;9;5;,57;43;26;23;,"LINESTRING (-96.711316 43.529591, -96.731504 43.529401, -96.731438 43.545271, -96.731241 43.548596, -96.731569 43.564034)",75.38382720947266
1164,19,5,19;15;10;11;4;5;,57;43;27;31;9;,"LINESTRING (-96.711316 43.529591, -96.731504 43.529401, -96.731438 43.545271, -96.746841 43.544131, -96.747168 43.563654, -96.731569 43.564034)",36.82068634033203
1165,19,5,19;17;16;8;6;5;,58;52;47;19;15;,"LINESTRING (-96.711316 43.529591, -96.711382 43.541280, -96.711382 43.546744, -96.711382 43.562324, -96.711644 43.587586, -96.731569 43.564034)",69.07649230957031
1166,19,5,19;17;16;10;9;5;,58;52;48;26;23;,"LINESTRING (-96.711316 43.529591, -96.711382 43.541280, -96.711382 43.546744, -96.731438 43.545271, -96.731241 43.548596, -96.731569 43.564034)",0.0
1167,19,6,19;15;10;9;5;6;,57;43;26;23;12;,"LINESTRING (-96.711316 43.529591, -96.731504 43.529401, -96.731438 43.545271, -96.731241 43.548596, -96.731569 43.564034, -96.711644 43.587586)",49.20808792114258
1168,19,6,19;17;16;8;6;,58;52;47;19;,"LINESTRING (-96.711316 43.529591, -96.711382 43.541280, -96.711382 43.546744, -96.711382 43.562324, -96.711644 43.587586)",70.47254943847656
1169,19,6,19;20;18;7;8;6;,59;60;54;17;19;,"LINESTRING (-96.711316 43.529591, -96.711185 43.515333, -96.694078 43.546744, -96.693423 43.563844, -96.711382 43.562324, -96.711644 43.587586)",71.2277603149414
1170,19,6,19;15;22;21;20;18;7;8;6;,57;46;69;64;60;54;17;19;,"LINESTRING (-96.711316 43.529591, -96.731504 43.529401, -96.731241 43.514858, -96.730979 43.510485, -96.711185 43.515333, -96.694078 43.546744, -96.693423 43.563844, -96.711382 43.562324, -96.711644 43.587586)",9.09161376953125
1171,19,7,19;20;18;7;,59;60;54;,"LINESTRING (-96.711316 43.529591, -96.711185 43.515333, -96.694078 43.546744, -96.693423 43.563844)",48.34962844848633
1172,19,7,19;17;16;18;7;,58;52;50;54;,"LINESTRING (-96.711316 43.529591, -96.711382 43.541280, -96.711382 43.546744, -96.694078 43.546744, -96.693423 43.563844)",76.1549072265625
1173,19,7,19;15;22;21;20;18;7;,57;46;69;64;60;54;,"LINESTRING (-96.711316 43.529591, -96.731504 43.529401, -96.731241 43.514858, -96.730979 43.510485, -96.711185 43.515333, -96.694078 43.546744, -96.693423 43.563844)",275.4954833984375
1174,19,8,19;17;16;8;,58;52;47;,"LINESTRING (-96.711316 43.529591, -96.711382 43.541280, -96.711382 43.546744, -96.711382 43.562324)",11.040324211120605
1175,19,8,19;20;18;7;8;,59;60;54;17;,"LINESTRING (-96.711316 43.529591, -96.711185 43.515333, -96.694078 43.546744, -96.693423 43.563844, -96.711382 43.562324)",63.955902099609375
1176,19,8,19;17;16;18;7;8;,58;52;50;54;17;,"LINESTRING (-96.711316 43.529591, -96.711382 43.541280, -96.711382 43.546744, -96.694078 43.546744, -96.693423 43.563844, -96.711382 43.562324)",50.75624084472656
1177,19,8,19;15;22;21;20;18;7;8;,57;46;69;64;60;54;17;,"LINESTRING (-96.711316 43.529591, -96.731504 43.529401, -96.731241 43.514858, -96.730979 43.510485, -96.711185 43.515333, -96.694078 43.546744, -96.693423 43.563844, -96.711382 43.562324)",574.24755859375
1178,19,9,19;15;10;9;,57;43;26;,"LINESTRING (-96.711316 43.529591, -96.731504 43.529401, -96.731438 43.545271, -96.731241 43.548596)",51.3295783996582
1179,19,9,19;17;16;10;9;,58;52;48;26;,"LINESTRING (-96.711316 43.529591, -96.711382 43.541280, -96.711382 43.546744, -96.731438 43.545271, -96.731241 43.548596)",28.17276954650879
1180,19,9,19;15;14;11;10;9;,57;44;40;32;26;,"LINESTRING (-96.711316 43.529591, -96.731504 43.529401, -96.751035 43.529306, -96.746841 43.544131, -96.731438 43.545271, -96.731241 43.548596)",320.4976501464844
1181,19,10,19;15;10;,57;43;,"LINESTRING (-96.711316 43.529591, -96.731504 43.529401, -96.731438 43.545271)",63.12551498413086
1182,19,10,19;17;16;10;,58;52;48;,"LINESTRING (-96.711316 43.529591, -96.711382 43.541280, -96.711382 43.546744, -96.731438 43.545271)",61.1623649597168
1183,19,10,19;15;14;11;10;,57;44;40;32;,"LINESTRING (-96.711316 43.529591, -96.731504 43.529401, -96.751035 43.529306, -96.746841 43.544131, -96.731438 43.545271)",1675.712158203125
1184,19,11,19;15;10;11;,57;43;27;,"LINESTRING (-96.711316 43.529591, -96.731504 43.529401, -96.731438 43.545271, -96.746841 43.544131)",98.44851684570312
1185,19,11,19;15;14;11;,57;44;40;,"LINESTRING (-96.711316 43.529591, -96.731504 43.529401, -96.751035 43.529306, -96.746841 43.544131)",97.8095932006836
1186,19,11,19;15;10;9;5;4;11;,57;43;26;23;11;10;,"LINESTRING (-96.711316 43.529591, -96.731504 43.529401, -96.731438 43.545271, -96.731241 43.548596, -96.731569 43.564034, -96.747168 43.563654, -96.746841 43.544131)",203.74188232421875
1187,19,12,19;15;10;11;12;,57;43;27;33;,"LINESTRING (-96.711316 43.529591, -96.731504 43.529401, -96.731438 43.545271, -96.746841 43.544131, -96.780137 43.543941)",17.977262496948242
1188,19,12,19;15;14;11;12;,57;44;40;33;,"LINESTRING (-96.711316 43.529591, -96.731504 43.529401, -96.751035 43.529306, -96.746841 43.544131, -96.780137 43.543941)",25.254249572753906
1189,19,12,19;15;10;9;5;4;3;12;,57;43;26;23;11;8;7;,"LINESTRING (-96.711316 43.529591, -96.731504 43.529401, -96.731438 43.545271, -96.731241 43.548596, -96.731569 43.564034, -96.747168 43.563654, -96.774303 43.572962, -96.780137 43.543941)",68.98201751708984
1190,19,12,19;15;22;23;24;13;12;,57;46;70;73;74;38;,"LINESTRING (-96.711316 43.529591, -96.731504 43.529401, -96.731241 43.514858, -96.750904 43.514858, -96.749200 43.503164, -96.793377 43.490707, -96.780137 43.543941)",187.78646850585938
1191,19,13,19;15;10;11;12;13;,57;43;27;33;37;,"LINESTRING (-96.711316 43.529591, -96.731504 43.529401, -96.731438 43.545271, -96.746841 43.544131, -96.780137 43.543941, -96.793377 43.490707)",14.43053150177002
1192,19,13,19;15;14;11;12;13;,57;44;40;33;37;,"LINESTRING (-96.711316 43.529591, -96.731504 43.529401, -96.751035 43.529306, -96.746841 43.544131, -96.780137 43.543941, -96.793377 43.490707)",11.657075881958008
1193,19,13,19;15;10;9;5;4;3;12;13;,57;43;26;23;11;8;7;37;,"LINESTRING (-96.711316 43.529591, -96.731504 43.529401, -96.731438 43.545271, -96.731241 43.548596, -96.731569 43.564034, -96.747168 43.563654, -96.774303 43.572962, -96.780137 43.543941, -96.793377 43.490707)",35.80341720581055
1194,19,13,19;15;22;21;24;13;,57;46;69;66;74;,"LINESTRING (-96.711316 43.529591, -96.731504 43.529401, -96.731241 43.514858, -96.730979 43.510485, -96.749200 43.503164, -96.793377 43.490707)",27.820911407470703
1195,19,13,19;15;22;23;24;13;,57;46;70;73;74;,"LINESTRING (-96.711316 43.529591, -96.731504 43.529401, -96.731241 43.514858, -96.750904 43.514858, -96.749200 43.503164, -96.793377 43.490707)",210.28814697265625
1196,19,14,19;15;14;,57;44;,"LINESTRING (-96.711316 43.529591, -96.731504 43.529401, -96.751035 43.529306)",36.26627731323242
1197,19,14,19;15;22;23;14;,57;46;70;71;,"LINESTRING (-96.711316 43.529591, -96.731504 43.529401, -96.731241 43.514858, -96.750904 43.514858, -96.751035 43.529306)",30.211536407470703
1198,19,14,19;20;22;23;14;,59;63;70;71;,"LINESTRING (-96.711316 43.529591, -96.711185 43.515333, -96.731241 43.514858, -96.750904 43.514858, -96.751035 43.529306)",233.52218627929688
1199,19,16,19;17;16;,58;52;,"LINESTRING (-96.711316 43.529591, -96.711382 43.541280, -96.711382 43.546744)",10.631939888000488
1200,19,16,19;20;18;16;,59;60;55;,"LINESTRING (-96.711316 43.529591, -96.711185 43.515333, -96.694078 43.546744, -96.711382 43.546744)",50.10912322998047
1201,19,16,19;15;22;21;20;18;16;,57;46;69;64;60;55;,"LINESTRING (-96.711316 43.529591, -96.731504 43.529401, -96.731241 43.514858, -96.730979 43.510485, -96.711185 43.515333, -96.694078 43.546744, -96.711382 43.546744)",1239.2589111328125
1202,19,17,19;15;10;17;,57;43;30;,"LINESTRING (-96.711316 43.529591, -96.731504 43.529401, -96.731438 43.545271, -96.711382 43.541280)",0.0
1203,19,18,19;20;18;,59;60;,"LINESTRING (-96.711316 43.529591, -96.711185 43.515333, -96.694078 43.546744)",94.73534393310547
1204,19,18,19;17;16;18;,58;52;50;,"LINESTRING (-96.711316 43.529591, -96.711382 43.541280, -96.711382 43.546744, -96.694078 43.546744)",49.83320236206055
1205,19,18,19;15;22;21;20;18;,57;46;69;64;60;,"LINESTRING (-96.711316 43.529591, -96.731504 43.529401, -96.731241 43.514858, -96.730979 43.510485, -96.711185 43.515333, -96.694078 43.546744)",155.43145751953125
1206,19,20,19;15;22;20;,57;46;68;,"LINESTRING (-96.711316 43.529591, -96.731504 43.529401, -96.731241 43.514858, -96.711185 43.515333)",33.44498825073242
1207,19,20,19;17;16;18;20;,58;52;50;56;,"LINESTRING (-96.711316 43.529591, -96.711382 43.541280, -96.711382 43.546744, -96.694078 43.546744, -96.711185 43.515333)",91.38999938964844
1208,19,20,19;15;22;21;20;,57;46;69;64;,"LINESTRING (-96.711316 43.529591, -96.731504 43.529401, -96.731241 43.514858, -96.730979 43.510485, -96.711185 43.515333)",0.0
1209,19,21,19;20;21;,59;62;,"LINESTRING (-96.711316 43.529591, -96.711185 43.515333, -96.730979 43.510485)",34.062660217285156
1210,19,21,19;15;22;21;,57;46;69;,"LINESTRING (-96.711316 43.529591, -96.731504 43.529401, -96.731241 43.514858, -96.730979 43.510485)",365.9373474121094
1211,19,22,19;15;22;,57;46;,"LINESTRING (-96.711316 43.529591, -96.731504 43.529401, -96.731241 43.514858)",38.56639099121094
1212,19,22,19;20;22;,59;63;,"LINESTRING (-96.711316 43.529591, -96.711185 43.515333, -96.731241 43.514858)",1161.43359375
1213,19,23,19;15;14;23;,57;44;42;,"LINESTRING (-96.711316 43.529591, -96.731504 43.529401, -96.751035 43.529306, -96.750904 43.514858)",71.3700942993164
1214,19,23,19;15;22;23;,57;46;70;,"LINESTRING (-96.711316 43.529591, -96.731504 43.529401, -96.731241 43.514858, -96.750904 43.514858)",21.53253936767578
1215,19,23,19;20;22;23;,59;63;70;,"LINESTRING (-96.711316 43.529591, -96.711185 43.515333, -96.731241 43.514858, -96.750904 43.514858)",98.24047088623047
1216,19,23,19;15;22;21;24;23;,57;46;69;66;76;,"LINESTRING (-96.711316 43.529591, -96.731504 43.529401, -96.731241 43.514858, -96.730979 43.510485, -96.749200 43.503164, -96.750904 43.514858)",108.85690307617188
1217,19,24,19;15;14;23;24;,57;44;42;73;,"LINESTRING (-96.711316 43.529591, -96.731504 43.529401, -96.751035 43.529306, -96.750904 43.514858, -96.749200 43.503164)",62.70283508300781
1218,19,24,19;15;22;21;24;,57;46;69;66;,"LINESTRING (-96.711316 43.529591, -96.731504 43.529401, -96.731241 43.514858, -96.730979 43.510485, -96.749200 43.503164)",64.32374572753906
1219,19,24,19;15;22;23;24;,57;46;70;73;,"LINESTRING (-96.711316 43.529591, -96.731504 43.529401, -96.731241 43.514858, -96.750904 43.514858, -96.749200 43.503164)",28.623043060302734
1220,19,24,19;20;22;23;24;,59;63;70;73;,"LINESTRING (-96.711316 43.529591, -96.711185 43.515333, -96.731241 43.514858, -96.750904 43.514858, -96.749200 43.503164)",0.0
1221,20,1,20;18;7;8;6;2;1;,60;54;17;19;14;3;,"LINESTRING (-96.711185 43.515333, -96.694078 43.546744, -96.693423 43.563844, -96.711382 43.562324, -96.711644 43.587586, -96.711251 43.605813, -96.770420 43.612828)",94.9705581665039
1222,20,1,20;18;16;8;6;2;1;,60;55;47;19;14;3;,"LINESTRING (-96.711185 43.515333, -96.694078 43.546744, -96.711382 43.546744, -96.711382 43.562324, -96.711644 43.587586, -96.711251 43.605813, -96.770420 43.612828)",2.360123872756958
1223,20,1,20;19;15;10;9;5;4;3;1;,61;57;43;26;23;11;8;5;,"LINESTRING (-96.711185 43.515333, -96.711316 43.529591, -96.731504 43.529401, -96.731438 43.545271, -96.731241 43.548596, -96.731569 43.564034, -96.747168 43.563654, -96.774303 43.572962, -96.770420 43.612828)",37.6636962890625
1224,20,1,20;18;16;10;9;5;4;3;1;,60;55;48;26;23;11;8;5;,"LINESTRING (-96.711185 43.515333, -96.694078 43.546744, -96.711382 43.546744, -96.731438 43.545271, -96.731241 43.548596, -96.731569 43.564034, -96.747168 43.563654, -96.774303 43.572962, -96.770420 43.612828)",165.005615234375
1225,20,2,20;18;7;8;6;2;,60;54;17;19;14;,"LINESTRING (-96.711185 43.515333, -96.694078 43.546744, -96.693423 43.563844, -96.711382 43.562324, -96.711644 43.587586, -96.711251 43.605813)",87.78206634521484
1226,20,2,20;18;16;8;6;2;,60;55;47;19;14;,"LINESTRING (-96.711185 43.515333, -96.694078 43.546744, -96.711382 43.546744, -96.711382 43.562324, -96.711644 43.587586, -96.711251 43.605813)",76.05726623535156
1227,20,2,20;19;15;10;9;5;4;3;1;2;,61;57;43;26;23;11;8;5;1;,"LINESTRING (-96.711185 43.515333, -96.711316 43.529591, -96.731504 43.529401, -96.731438 43.545271, -96.731241 43.548596, -96.731569 43.564034, -96.747168 43.563654, -96.774303 43.572962, -96.770420 43.612828, -96.711251 43.605813)",0.0
1228,20,4,20;18;7;8;6;5;4;,60;54;17;19;15;11;,"LINESTRING (-96.711185 43.515333, -96.694078 43.546744, -96.693423 43.563844, -96.711382 43.562324, -96.711644 43.587586, -96.731569 43.564034, -96.747168 43.563654)",52.11909103393555
1229,20,4,20;18;7;8;9;5;4;,60;54;17;21;23;11;,"LINESTRING (-96.711185 43.515333, -96.694078 43.546744, -96.693423 43.563844, -96.711382 43.562324, -96.731241 43.548596, -96.731569 43.564034, -96.747168 43.563654)",17.905406951904297
1230,20,4,20;18;16;8;6;5;4;,60;55;47;19;15;11;,"LINESTRING (-96.711185 43.515333, -96.694078 43.546744, -96.711382 43.546744, -96.711382 43.562324, -96.711644 43.587586, -96.731569 43.564034, -96.747168 43.563654)",13.333393096923828
1231,20,4,20;19;15;10;9;5;4;,61;57;43;26;23;11;,"LINESTRING (-96.711185 43.515333, -96.711316 43.529591, -96.731504 43.529401, -96.731438 43.545271, -96.731241 43.548596, -96.731569 43.564034, -96.747168 43.563654)",33.02943420410156
1232,20,4,20;18;16;10;9;5;4;,60;55;48;26;23;11;,"LINESTRING (-96.711185 43.515333, -96.694078 43.546744, -96.711382 43.546744, -96.731438 43.545271, -96.731241 43.548596, -96.731569 43.564034, -96.747168 43.563654)",183.6126708984375
1233,20,5,20;18;7;8;6;5;,60;54;17;19;15;,"LINESTRING (-96.711185 43.515333, -96.694078 43.546744, -96.693423 43.563844, -96.711382 43.562324, -96.711644 43.587586, -96.731569 43.564034)",17.251449584960938
1234,20,5,20;18;7;8;9;5;,60;54;17;21;23;,"LINESTRING (-96.711185 43.515333, -96.694078 43.546744, -96.693423 43.563844, -96.711382 43.562324, -96.731241 43.548596, -96.731569 43.564034)",53.487300872802734
1235,20,5,20;18;16;8;6;5;,60;55;47;19;15;,"LINESTRING (-96.711185 43.515333, -96.694078 43.546744, -96.711382 43.546744, -96.711382 43.562324, -96.711644 43.587586, -96.731569 43.564034)",48.27458190917969
1236,20,5,20;19;15;10;9;5;,61;57;43;26;23;,"LINESTRING (-96.711185 43.515333, -96.711316 43.529591, -96.731504 43.529401, -96.731438 43.545271, -96.731241 43.548596, -96.731569 43.564034)",20.045528411865234
1237,20,5,20;18;16;10;9;5;,60;55;48;26;23;,"LINESTRING (-96.711185 43.515333, -96.694078 43.546744, -96.711382 43.546744, -96.731438 43.545271, -96.731241 43.548596, -96.731569 43.564034)",0.0
1238,20,6,20;18;7;8;6;,60;54;17;19;,"LINESTRING (-96.711185 43.515333, -96.694078 43.546744, -96.693423 43.563844, -96.711382 43.562324, -96.711644 43.587586)",37.12223815917969
1239,20,6,20;18;16;8;6;,60;55;47;19;,"LINESTRING (-96.711185 43.515333, -96.694078 43.546744, -96.711382 43.546744, -96.711382 43.562324, -96.711644 43.587586)",30.188974380493164
1240,20,6,20;19;15;10;9;5;6;,61;57;43;26;23;12;,"LINESTRING (-96.711185 43.515333, -96.711316 43.529591, -96.731504 43.529401, -96.731438 43.545271, -96.731241 43.548596, -96.731569 43.564034, -96.711644 43.587586)",232.68878173828125
1241,20,7,20;18;7;,60;54;,"LINESTRING (-96.711185 43.515333, -96.694078 43.546744, -96.693423 43.563844)",500.0
1242,20,8,20;18;7;8;,60;54;17;,"LINESTRING (-96.711185 43.515333, -96.694078 43.546744, -96.693423 43.563844, -96.711382 43.562324)",86.97148895263672
1243,20,8,20;18;16;8;,60;55;47;,"LINESTRING (-96.711185 43.515333, -96.694078 43.546744, -96.711382 43.546744, -96.711382 43.562324)",813.0285034179688
1244,20,9,20;18;7;8;9;,60;54;17;21;,"LINESTRING (-96.711185 43.515333, -96.694078 43.546744, -96.693423 43.563844, -96.711382 43.562324, -96.731241 43.548596)",89.17440795898438
1245,20,9,20;18;7;8;6;5;9;,60;54;17;19;15;13;,"LINESTRING (-96.711185 43.515333, -96.694078 43.546744, -96.693423 43.563844, -96.711382 43.562324, -96.711644 43.587586, -96.731569 43.564034, -96.731241 43.548596)",52.016178131103516
1246,20,9,20;19;15;10;9;,61;57;43;26;,"LINESTRING (-96.711185 43.515333, -96.711316 43.529591, -96.731504 43.529401, -96.731438 43.545271, -96.731241 43.548596)",3.7537550926208496
1247,20,9,20;18;16;10;9;,60;55;48;26;,"LINESTRING (-96.711185 43.515333, -96.694078 43.546744, -96.711382 43.546744, -96.731438 43.545271, -96.731241 43.548596)",455.0556640625
1248,20,10,20;19;15;10;,61;57;43;,"LINESTRING (-96.711185 43.515333, -96.711316 43.529591, -96.731504 43.529401, -96.731438 43.545271)",80.53356170654297
1249,20,10,20;18;16;10;,60;55;48;,"LINESTRING (-96.711185 43.515333, -96.694078 43.546744, -96.711382 43.546744, -96.731438 43.545271)",45.92447280883789
1250,20,10,20;18;7;8;9;10;,60;54;17;21;25;,"LINESTRING (-96.711185 43.515333, -96.694078 43.546744, -96.693423 43.563844, -96.711382 43.562324, -96.731241 43.548596, -96.731438 43.545271)",99.65509033203125
1251,20,10,20;21;22;15;10;,62;65;67;43;,"LINESTRING (-96.711185 43.515333, -96.730979 43.510485, -96.731241 43.514858, -96.731504 43.529401, -96.731438 43.545271)",2273.886962890625
1252,20,11,20;19;15;10;11;,61;57;43;27;,"LINESTRING (-96.711185 43.515333, -96.711316 43.529591, -96.731504 43.529401, -96.731438 43.545271, -96.746841 43.544131)",90.12893676757812
1253,20,11,20;18;16;10;11;,60;55;48;27;,"LINESTRING (-96.711185 43.515333, -96.694078 43.546744, -96.711382 43.546744, -96.731438 43.545271, -96.746841 43.544131)",69.5115737915039
1254,20,11,20;19;15;14;11;,61;57;44;40;,"LINESTRING (-96.711185 43.515333, -96.711316 43.529591, -96.731504 43.529401, -96.751035 43.529306, -96.746841 43.544131)",91.35385131835938
1255,20,11,20;18;7;8;9;10;11;,60;54;17;21;25;27;,"LINESTRING (-96.711185 43.515333, -96.694078 43.546744, -96.693423 43.563844, -96.711382 43.562324, -96.731241 43.548596, -96.731438 43.545271, -96.746841 43.544131)",67.05236053466797
1256,20,11,20;19;15;10;9;5;4;11;,61;57;43;26;23;11;10;,"LINESTRING (-96.711185 43.515333, -96.711316 43.529591, -96.731504 43.529401, -96.731438 43.545271, -96.731241 43.548596, -96.731569 43.564034, -96.747168 43.563654, -96.746841 43.544131)",14.494697570800781
1257,20,11,20;21;22;15;10;11;,62;65;67;43;27;,"LINESTRING (-96.711185 43.515333, -96.730979 43.510485, -96.731241 43.514858, -96.731504 43.529401, -96.731438 43.545271, -96.746841 43.544131)",46.97795104980469
1258,20,11,20;21;22;15;14;11;,62;65;67;44;40;,"LINESTRING (-96.711185 43.515333, -96.730979 43.510485, -96.731241 43.514858, -96.731504 43.529401, -96.751035 43.529306, -96.746841 43.544131)",220.48065185546875
1259,20,12,20;18;7;8;6;2;1;3;12;,60;54;17;19;14;3;2;7;,"LINESTRING (-96.711185 43.515333, -96.694078 43.546744, -96.693423 43.563844, -96.711382 43.562324, -96.711644 43.587586, -96.711251 43.605813, -96.770420 43.612828, -96.774303 43.572962, -96.780137 43.543941)",81.82954406738281
1260,20,12,20;18;16;8;6;5;4;3;12;,60;55;47;19;15;11;8;7;,"LINESTRING (-96.711185 43.515333, -96.694078 43.546744, -96.711382 43.546744, -96.711382 43.562324, -96.711644 43.587586, -96.731569 43.564034, -96.747168 43.563654, -96.774303 43.572962, -96.780137 43.543941)",84.01769256591797
1261,20,12,20;18;16;10;9;5;4;3;12;,60;55;48;26;23;11;8;7;,"LINESTRING (-96.711185 43.515333, -96.694078 43.546744, -96.711382 43.546744, -96.731438 43.545271, -96.731241 43.548596, -96.731569 43.564034, -96.747168 43.563654, -96.774303 43.572962, -96.780137 43.543941)",41.16379928588867
1262,20,12,20;21;24;13;12;,62;66;74;38;,"LINESTRING (-96.711185 43.515333, -96.730979 43.510485, -96.749200 43.503164, -96.793377 43.490707, -96.780137 43.543941)",67.96006774902344
1263,20,12,20;22;23;24;13;12;,63;70;73;74;38;,"LINESTRING (-96.711185 43.515333, -96.731241 43.514858, -96.750904 43.514858, -96.749200 43.503164, -96.793377 43.490707, -96.780137 43.543941)",225.02890014648438
1264,20,13,20;21;24;13;,62;66;74;,"LINESTRING (-96.711185 43.515333, -96.730979 43.510485, -96.749200 43.503164, -96.793377 43.490707)",29.340505599975586
1265,20,13,20;18;7;8;6;2;1;3;12;13;,60;54;17;19;14;3;2;7;37;,"LINESTRING (-96.711185 43.515333, -96.694078 43.546744, -96.693423 43.563844, -96.711382 43.562324, -96.711644 43.587586, -96.711251 43.605813, -96.770420 43.612828, -96.774303 43.572962, -96.780137 43.543941, -96.793377 43.490707)",4.7365522384643555
1266,20,13,20;18;16;8;6;5;4;3;12;13;,60;55;47;19;15;11;8;7;37;,"LINESTRING (-96.711185 43.515333, -96.694078 43.546744, -96.711382 43.546744, -96.711382 43.562324, -96.711644 43.587586, -96.731569 43.564034, -96.747168 43.563654, -96.774303 43.572962, -96.780137 43.543941, -96.793377 43.490707)",37.64162063598633
1267,20,13,20;18;16;10;9;5;4;3;12;13;,60;55;48;26;23;11;8;7;37;,"LINESTRING (-96.711185 43.515333, -96.694078 43.546744, -96.711382 43.546744, -96.731438 43.545271, -96.731241 43.548596, -96.731569 43.564034, -96.747168 43.563654, -96.774303 43.572962, -96.780137 43.543941, -96.793377 43.490707)",0.5904861092567444
1268,20,13,20;22;23;24;13;,63;70;73;74;,"LINESTRING (-96.711185 43.515333, -96.731241 43.514858, -96.750904 43.514858, -96.749200 43.503164, -96.793377 43.490707)",527.6908569335938
1269,20,14,20;19;15;14;,61;57;44;,"LINESTRING (-96.711185 43.515333, -96.711316 43.529591, -96.731504 43.529401, -96.751035 43.529306)",95.56829071044922
1270,20,14,20;22;23;14;,63;70;71;,"LINESTRING (-96.711185 43.515333, -96.731241 43.514858, -96.750904 43.514858, -96.751035 43.529306)",42.81086349487305
1271,20,14,20;21;22;15;14;,62;65;67;44;,"LINESTRING (-96.711185 43.515333, -96.730979 43.510485, -96.731241 43.514858, -96.731504 43.529401, -96.751035 43.529306)",75.73455810546875
1272,20,14,20;21;24;23;14;,62;66;76;71;,"LINESTRING (-96.711185 43.515333, -96.730979 43.510485, -96.749200 43.503164, -96.750904 43.514858, -96.751035 43.529306)",74.73835754394531
1273,20,14,20;18;16;17;19;15;14;,60;55;49;53;57;44;,"LINESTRING (-96.711185 43.515333, -96.694078 43.546744, -96.711382 43.546744, -96.711382 43.541280, -96.711316 43.529591, -96.731504 43.529401, -96.751035 43.529306)",211.14804077148438
1274,20,15,20;19;15;,61;57;,"LINESTRING (-96.711185 43.515333, -96.711316 43.529591, -96.731504 43.529401)",31.794126510620117
1275,20,15,20;22;15;,63;67;,"LINESTRING (-96.711185 43.515333, -96.731241 43.514858, -96.731504 43.529401)",62.420719146728516
1276,20,15,20;21;22;15;,62;65;67;,"LINESTRING (-96.711185 43.515333, -96.730979 43.510485, -96.731241 43.514858, -96.731504 43.529401)",93.80015563964844
1277,20,15,20;18;16;17;19;15;,60;55;49;53;57;,"LINESTRING (-96.711185 43.515333, -96.694078 43.546744, -96.711382 43.546744, -96.711382 43.541280, -96.711316 43.529591, -96.731504 43.529401)",911.9849853515625
1278,20,16,20;18;16;,60;55;,"LINESTRING (-96.711185 43.515333, -96.694078 43.546744, -96.711382 43.546744)",1600.0
1279,20,17,20;19;17;,61;58;,"LINESTRING (-96.711185 43.515333, -96.711316 43.529591, -96.711382 43.541280)",48.15970230102539
1280,20,17,20;18;16;17;,60;55;49;,"LINESTRING (-96.711185 43.515333, -96.694078 43.546744, -96.711382 43.546744, -96.711382 43.541280)",3.674283742904663
1281,20,17,20;19;15;10;17;,61;57;43;30;,"LINESTRING (-96.711185 43.515333, -96.711316 43.529591, -96.731504 43.529401, -96.731438 43.545271, -96.711382 43.541280)",77.11859893798828
1282,20,17,20;21;22;15;10;17;,62;65;67;43;30;,"LINESTRING (-96.711185 43.515333, -96.730979 43.510485, -96.731241 43.514858, -96.731504 43.529401, -96.731438 43.545271, -96.711382 43.541280)",1571.04736328125
1283,20,19,20;22;15;19;,63;67;45;,"LINESTRING (-96.711185 43.515333, -96.731241 43.514858, -96.731504 43.529401, -96.711316 43.529591)",71.31333923339844
1284,20,19,20;18;16;17;19;,60;55;49;53;,"LINESTRING (-96.711185 43.515333, -96.694078 43.546744, -96.711382 43.546744, -96.711382 43.541280, -96.711316 43.529591)",20.29656410217285
1285,20,19,20;21;22;15;19;,62;65;67;45;,"LINESTRING (-96.711185 43.515333, -96.730979 43.510485, -96.731241 43.514858, -96.731504 43.529401, -96.711316 43.529591)",0.0
1286,20,22,20;21;22;,62;65;,"LINESTRING (-96.711185 43.515333, -96.730979 43.510485, -96.731241 43.514858)",69.50762176513672
1287,20,22,20;18;16;17;19;15;22;,60;55;49;53;57;46;,"LINESTRING (-96.711185 43.515333, -96.694078 43.546744, -96.711382 43.546744, -96.711382 43.541280, -96.711316 43.529591, -96.731504 43.529401, -96.731241 43.514858)",0.0
1288,20,23,20;22;23;,63;70;,"LINESTRING (-96.711185 43.515333, -96.731241 43.514858, -96.750904 43.514858)",42.47735595703125
1289,20,23,20;21;24;23;,62;66;76;,"LINESTRING (-96.711185 43.515333, -96.730979 43.510485, -96.749200 43.503164, -96.750904 43.514858)",657.5226440429688
1290,20,24,20;21;24;,62;66;,"LINESTRING (-96.711185 43.515333, -96.730979 43.510485, -96.749200 43.503164)",55.21253967285156
1291,20,24,20;22;23;24;,63;70;73;,"LINESTRING (-96.711185 43.515333, -96.731241 43.514858, -96.750904 43.514858, -96.749200 43.503164)",344.7874755859375
1292,21,1,21;24;13;12;3;1;,66;74;38;35;5;,"LINESTRING (-96.730979 43.510485, -96.749200 43.503164, -96.793377 43.490707, -96.780137 43.543941, -96.774303 43.572962, -96.770420 43.612828)",22.659822463989258
1293,21,1,21;20;18;7;8;6;2;1;,64;60;54;17;19;14;3;,"LINESTRING (-96.730979 43.510485, -96.711185 43.515333, -96.694078 43.546744, -96.693423 43.563844, -96.711382 43.562324, -96.711644 43.587586, -96.711251 43.605813, -96.770420 43.612828)",50.795780181884766
1294,21,1,21;20;19;15;10;9;5;4;3;1;,64;61;57;43;26;23;11;8;5;,"LINESTRING (-96.730979 43.510485, -96.711185 43.515333, -96.711316 43.529591, -96.731504 43.529401, -96.731438 43.545271, -96.731241 43.548596, -96.731569 43.564034, -96.747168 43.563654, -96.774303 43.572962, -96.770420 43.612828)",26.544395446777344
1295,21,4,21;24;13;12;3;4;,66;74;38;35;6;,"LINESTRING (-96.730979 43.510485, -96.749200 43.503164, -96.793377 43.490707, -96.780137 43.543941, -96.774303 43.572962, -96.747168 43.563654)",99.93606567382812
1296,21,4,21;20;18;7;8;6;5;4;,64;60;54;17;19;15;11;,"LINESTRING (-96.730979 43.510485, -96.711185 43.515333, -96.694078 43.546744, -96.693423 43.563844, -96.711382 43.562324, -96.711644 43.587586, -96.731569 43.564034, -96.747168 43.563654)",29.967512130737305
1297,21,4,21;20;19;15;10;9;5;4;,64;61;57;43;26;23;11;,"LINESTRING (-96.730979 43.510485, -96.711185 43.515333, -96.711316 43.529591, -96.731504 43.529401, -96.731438 43.545271, -96.731241 43.548596, -96.731569 43.564034, -96.747168 43.563654)",70.09642028808594
1298,21,5,21;22;15;10;9;5;,65;67;43;26;23;,"LINESTRING (-96.730979 43.510485, -96.731241 43.514858, -96.731504 43.529401, -96.731438 43.545271, -96.731241 43.548596, -96.731569 43.564034)",42.56660842895508
1299,21,5,21;24;13;12;3;4;5;,66;74;38;35;6;9;,"LINESTRING (-96.730979 43.510485, -96.749200 43.503164, -96.793377 43.490707, -96.780137 43.543941, -96.774303 43.572962, -96.747168 43.563654, -96.731569 43.564034)",80.60212707519531
1300,21,5,21;20;18;7;8;6;5;,64;60;54;17;19;15;,"LINESTRING (-96.730979 43.510485, -96.711185 43.515333, -96.694078 43.546744, -96.693423 43.563844, -96.711382 43.562324, -96.711644 43.587586, -96.731569 43.564034)",7.31307315826416
1301,21,5,21;20;19;15;10;9;5;,64;61;57;43;26;23;,"LINESTRING (-96.730979 43.510485, -96.711185 43.515333, -96.711316 43.529591, -96.731504 43.529401, -96.731438 43.545271, -96.731241 43.548596, -96.731569 43.564034)",0.0
1302,21,6,21;20;18;7;8;6;,64;60;54;17;19;,"LINESTRING (-96.730979 43.510485, -96.711185 43.515333, -96.694078 43.546744, -96.693423 43.563844, -96.711382 43.562324, -96.711644 43.587586)",71.4402084350586
1303,21,6,21;24;13;12;3;4;5;6;,66;74;38;35;6;9;12;,"LINESTRING (-96.730979 43.510485, -96.749200 43.503164, -96.793377 43.490707, -96.780137 43.543941, -96.774303 43.572962, -96.747168 43.563654, -96.731569 43.564034, -96.711644 43.587586)",37.72426986694336
1304,21,6,21;20;19;15;10;9;5;6;,64;61;57;43;26;23;12;,"LINESTRING (-96.730979 43.510485, -96.711185 43.515333, -96.711316 43.529591, -96.731504 43.529401, -96.731438 43.545271, -96.731241 43.548596, -96.731569 43.564034, -96.711644 43.587586)",20.6165828704834
1305,21,6,21;22;15;19;17;16;8;6;,65;67;45;58;52;47;19;,"LINESTRING (-96.730979 43.510485, -96.731241 43.514858, -96.731504 43.529401, -96.711316 43.529591, -96.711382 43.541280, -96.711382 43.546744, -96.711382 43.562324, -96.711644 43.587586)",0.0
1306,21,7,21;20;18;7;,64;60;54;,"LINESTRING (-96.730979 43.510485, -96.711185 43.515333, -96.694078 43.546744, -96.693423 43.563844)",37.3438606262207
1307,21,7,21;22;15;19;17;16;18;7;,65;67;45;58;52;50;54;,"LINESTRING (-96.730979 43.510485, -96.731241 43.514858, -96.731504 43.529401, -96.711316 43.529591, -96.711382 43.541280, -96.711382 43.546744, -96.694078 43.546744, -96.693423 43.563844)",162.65614318847656
1308,21,8,21;20;18;7;8;,64;60;54;17;,"LINESTRING (-96.730979 43.510485, -96.711185 43.515333, -96.694078 43.546744, -96.693423 43.563844, -96.711382 43.562324)",30.520841598510742
1309,21,8,21;22;15;19;17;16;8;,65;67;45;58;52;47;,"LINESTRING (-96.730979 43.510485, -96.731241 43.514858, -96.731504 43.529401, -96.711316 43.529591, -96.711382 43.541280, -96.711382 43.546744, -96.711382 43.562324)",369.4791564941406
1310,21,9,21;22;15;10;9;,65;67;43;26;,"LINESTRING (-96.730979 43.510485, -96.731241 43.514858, -96.731504 43.529401, -96.731438 43.545271, -96.731241 43.548596)",0.431928426027298
1311,21,9,21;24;13;12;3;4;5;9;,66;74;38;35;6;9;13;,"LINESTRING (-96.730979 43.510485, -96.749200 43.503164, -96.793377 43.490707, -96.780137 43.543941, -96.774303 43.572962, -96.747168 43.563654, -96.731569 43.564034, -96.731241 43.548596)",27.900802612304688
1312,21,9,21;20;19;15;10;9;,64;61;57;43;26;,"LINESTRING (-96.730979 43.510485, -96.711185 43.515333, -96.711316 43.529591, -96.731504 43.529401, -96.731438 43.545271, -96.731241 43.548596)",19.272260665893555
1313,21,9,21;22;15;14;11;10;9;,65;67;44;40;32;26;,"LINESTRING (-96.730979 43.510485, -96.731241 43.514858, -96.731504 43.529401, -96.751035 43.529306, -96.746841 43.544131, -96.731438 43.545271, -96.731241 43.548596)",252.39500427246094
1314,21,10,21;22;15;10;,65;67;43;,"LINESTRING (-96.730979 43.510485, -96.731241 43.514858, -96.731504 43.529401, -96.731438 43.545271)",41.62165069580078
1315,21,10,21;20;19;15;10;,64;61;57;43;,"LINESTRING (-96.730979 43.510485, -96.711185 43.515333, -96.711316 43.529591, -96.731504 43.529401, -96.731438 43.545271)",66.30488586425781
1316,21,10,21;22;15;14;11;10;,65;67;44;40;32;,"LINESTRING (-96.730979 43.510485, -96.731241 43.514858, -96.731504 43.529401, -96.751035 43.529306, -96.746841 43.544131, -96.731438 43.545271)",1092.073486328125
1317,21,11,21;22;15;10;11;,65;67;43;27;,"LINESTRING (-96.730979 43.510485, -96.731241 43.514858, -96.731504 43.529401, -96.731438 43.545271, -96.746841 43.544131)",38.936012268066406
1318,21,11,21;22;15;14;11;,65;67;44;40;,"LINESTRING (-96.730979 43.510485, -96.731241 43.514858, -96.731504 43.529401, -96.751035 43.529306, -96.746841 43.544131)",68.54460144042969
1319,21,11,21;24;13;12;3;4;11;,66;74;38;35;6;10;,"LINESTRING (-96.730979 43.510485, -96.749200 43.503164, -96.793377 43.490707, -96.780137 43.543941, -96.774303 43.572962, -96.747168 43.563654, -96.746841 43.544131)",53.40006637573242
1320,21,11,21;24;23;14;11;,66;76;71;40;,"LINESTRING (-96.730979 43.510485, -96.749200 43.503164, -96.750904 43.514858, -96.751035 43.529306, -96.746841 43.544131)",40.25251770019531
1321,21,11,21;20;19;15;10;9;5;4;11;,64;61;57;43;26;23;11;10;,"LINESTRING (-96.730979 43.510485, -96.711185 43.515333, -96.711316 43.529591, -96.731504 43.529401, -96.731438 43.545271, -96.731241 43.548596, -96.731569 43.564034, -96.747168 43.563654, -96.746841 43.544131)",198.86680603027344
1322,21,12,21;24;13;12;,66;74;38;,"LINESTRING (-96.730979 43.510485, -96.749200 43.503164, -96.793377 43.490707, -96.780137 43.543941)",36.051780700683594
1323,21,12,21;22;15;14;11;12;,65;67;44;40;33;,"LINESTRING (-96.730979 43.510485, -96.731241 43.514858, -96.731504 43.529401, -96.751035 43.529306, -96.746841 43.544131, -96.780137 43.543941)",82.35799407958984
1324,21,12,21;20;22;23;24;13;12;,64;63;70;73;74;38;,"LINESTRING (-96.730979 43.510485, -96.711185 43.515333, -96.731241 43.514858, -96.750904 43.514858, -96.749200 43.503164, -96.793377 43.490707, -96.780137 43.543941)",181.59022521972656
1325,21,13,21;24;13;,66;74;,"LINESTRING (-96.730979 43.510485, -96.749200 43.503164, -96.793377 43.490707)",87.55619812011719
1326,21,13,21;20;22;23;24;13;,64;63;70;73;74;,"LINESTRING (-96.730979 43.510485, -96.711185 43.515333, -96.731241 43.514858, -96.750904 43.514858, -96.749200 43.503164, -96.793377 43.490707)",512.4437866210938
1327,21,14,21;22;15;14;,65;67;44;,"LINESTRING (-96.730979 43.510485, -96.731241 43.514858, -96.731504 43.529401, -96.751035 43.529306)",91.11846160888672
1328,21,14,21;24;23;14;,66;76;71;,"LINESTRING (-96.730979 43.510485, -96.749200 43.503164, -96.750904 43.514858, -96.751035 43.529306)",91.47377014160156
1329,21,14,21;20;22;23;14;,64;63;70;71;,"LINESTRING (-96.730979 43.510485, -96.711185 43.515333, -96.731241 43.514858, -96.750904 43.514858, -96.751035 43.529306)",217.40777587890625
1330,21,15,21;22;15;,65;67;,"LINESTRING (-96.730979 43.510485, -96.731241 43.514858, -96.731504 43.529401)",96.00538635253906
1331,21,15,21;20;19;15;,64;61;57;,"LINESTRING (-96.730979 43.510485, -96.711185 43.515333, -96.711316 43.529591, -96.731504 43.529401)",703.99462890625
1332,21,16,21;20;18;16;,64;60;55;,"LINESTRING (-96.730979 43.510485, -96.711185 43.515333, -96.694078 43.546744, -96.711382 43.546744)",57.096858978271484
1333,21,16,21;22;15;19;17;16;,65;67;45;58;52;,"LINESTRING (-96.730979 43.510485, -96.731241 43.514858, -96.731504 43.529401, -96.711316 43.529591, -96.711382 43.541280, -96.711382 43.546744)",542.9031372070312
1334,21,17,21;20;19;17;,64;61;58;,"LINESTRING (-96.730979 43.510485, -96.711185 43.515333, -96.711316 43.529591, -96.711382 43.541280)",67.1521224975586
1335,21,17,21;22;15;10;17;,65;67;43;30;,"LINESTRING (-96.730979 43.510485, -96.731241 43.514858, -96.731504 43.529401, -96.731438 43.545271, -96.711382 43.541280)",49.07610321044922
1336,21,17,21;20;18;16;17;,64;60;55;49;,"LINESTRING (-96.730979 43.510485, -96.711185 43.515333, -96.694078 43.546744, -96.711382 43.546744, -96.711382 43.541280)",95.83356475830078
1337,21,17,21;22;15;19;17;,65;67;45;58;,"LINESTRING (-96.730979 43.510485, -96.731241 43.514858, -96.731504 43.529401, -96.711316 43.529591, -96.711382 43.541280)",93.84358978271484
1338,21,17,21;20;19;15;10;17;,64;61;57;43;30;,"LINESTRING (-96.730979 43.510485, -96.711185 43.515333, -96.711316 43.529591, -96.731504 43.529401, -96.731438 43.545271, -96.711382 43.541280)",294.0946044921875
1339,21,18,21;20;18;,64;60;,"LINESTRING (-96.730979 43.510485, -96.711185 43.515333, -96.694078 43.546744)",30.38939094543457
1340,21,18,21;22;15;19;17;16;18;,65;67;45;58;52;50;,"LINESTRING (-96.730979 43.510485, -96.731241 43.514858, -96.731504 43.529401, -96.711316 43.529591, -96.711382 43.541280, -96.711382 43.546744, -96.694078 43.546744)",69.61061096191406
1341,21,19,21;20;19;,64;61;,"LINESTRING (-96.730979 43.510485, -96.711185 43.515333, -96.711316 43.529591)",16.96266746520996
1342,21,19,21;22;15;19;,65;67;45;,"LINESTRING (-96.730979 43.510485, -96.731241 43.514858, -96.731504 43.529401, -96.711316 43.529591)",383.03741455078125
1343,21,20,21;22;20;,65;68;,"LINESTRING (-96.730979 43.510485, -96.731241 43.514858, -96.711185 43.515333)",0.0
1344,21,22,21;20;22;,64;63;,"LINESTRING (-96.730979 43.510485, -96.711185 43.515333, -96.731241 43.514858)",0.0
1345,21,23,21;24;23;,66;76;,"LINESTRING (-96.730979 43.510485, -96.749200 43.503164, -96.750904 43.514858)",19.913129806518555
1346,21,23,21;20;22;23;,64;63;70;,"LINESTRING (-96.730979 43.510485, -96.711185 43.515333, -96.731241 43.514858, -96.750904 43.514858)",680.0868530273438
1347,21,24,21;20;22;23;24;,64;63;70;73;,"LINESTRING (-96.730979 43.510485, -96.711185 43.515333, -96.731241 43.514858, -96.750904 43.514858, -96.749200 43.503164)",0.0
1348,22,1,22;15;14;11;12;3;1;,67;44;40;33;35;5;,"LINESTRING (-96.731241 43.514858, -96.731504 43.529401, -96.751035 43.529306, -96.746841 43.544131, -96.780137 43.543941, -96.774303 43.572962, -96.770420 43.612828)",32.46023178100586
1349,22,1,22;21;24;13;12;3;1;,69;66;74;38;35;5;,"LINESTRING (-96.731241 43.514858, -96.730979 43.510485, -96.749200 43.503164, -96.793377 43.490707, -96.780137 43.543941, -96.774303 43.572962, -96.770420 43.612828)",17.426712036132812
1350,22,1,22;23;24;13;12;3;1;,70;73;74;38;35;5;,"LINESTRING (-96.731241 43.514858, -96.750904 43.514858, -96.749200 43.503164, -96.793377 43.490707, -96.780137 43.543941, -96.774303 43.572962, -96.770420 43.612828)",93.22413635253906
1351,22,1,22;21;20;18;7;8;6;2;1;,69;64;60;54;17;19;14;3;,"LINESTRING (-96.731241 43.514858, -96.730979 43.510485, -96.711185 43.515333, -96.694078 43.546744, -96.693423 43.563844, -96.711382 43.562324, -96.711644 43.587586, -96.711251 43.605813, -96.770420 43.612828)",256.888916015625
1352,22,2,22;20;18;7;8;6;2;,68;60;54;17;19;14;,"LINESTRING (-96.731241 43.514858, -96.711185 43.515333, -96.694078 43.546744, -96.693423 43.563844, -96.711382 43.562324, -96.711644 43.587586, -96.711251 43.605813)",91.40126037597656
1353,22,2,22;21;24;13;12;3;1;2;,69;66;74;38;35;5;1;,"LINESTRING (-96.731241 43.514858, -96.730979 43.510485, -96.749200 43.503164, -96.793377 43.490707, -96.780137 43.543941, -96.774303 43.572962, -96.770420 43.612828, -96.711251 43.605813)",72.63522338867188
1354,22,2,22;23;24;13;12;3;1;2;,70;73;74;38;35;5;1;,"LINESTRING (-96.731241 43.514858, -96.750904 43.514858, -96.749200 43.503164, -96.793377 43.490707, -96.780137 43.543941, -96.774303 43.572962, -96.770420 43.612828, -96.711251 43.605813)",97.01557159423828
1355,22,2,22;21;20;18;7;8;6;2;,69;64;60;54;17;19;14;,"LINESTRING (-96.731241 43.514858, -96.730979 43.510485, -96.711185 43.515333, -96.694078 43.546744, -96.693423 43.563844, -96.711382 43.562324, -96.711644 43.587586, -96.711251 43.605813)",74.82007598876953
1356,22,2,22;15;19;17;16;8;6;2;,67;45;58;52;47;19;14;,"LINESTRING (-96.731241 43.514858, -96.731504 43.529401, -96.711316 43.529591, -96.711382 43.541280, -96.711382 43.546744, -96.711382 43.562324, -96.711644 43.587586, -96.711251 43.605813)",0.0
1357,22,3,22;15;14;11;12;3;,67;44;40;33;35;,"LINESTRING (-96.731241 43.514858, -96.731504 43.529401, -96.751035 43.529306, -96.746841 43.544131, -96.780137 43.543941, -96.774303 43.572962)",23.97933578491211
1358,22,3,22;21;24;13;12;3;,69;66;74;38;35;,"LINESTRING (-96.731241 43.514858, -96.730979 43.510485, -96.749200 43.503164, -96.793377 43.490707, -96.780137 43.543941, -96.774303 43.572962)",87.44677734375
1359,22,3,22;23;24;13;12;3;,70;73;74;38;35;,"LINESTRING (-96.731241 43.514858, -96.750904 43.514858, -96.749200 43.503164, -96.793377 43.490707, -96.780137 43.543941, -96.774303 43.572962)",0.0
1360,22,4,22;15;10;11;4;,67;43;27;31;,"LINESTRING (-96.731241 43.514858, -96.731504 43.529401, -96.731438 43.545271, -96.746841 43.544131, -96.747168 43.563654)",90.79296112060547
1361,22,4,22;15;10;9;5;4;,67;43;26;23;11;,"LINESTRING (-96.731241 43.514858, -96.731504 43.529401, -96.731438 43.545271, -96.731241 43.548596, -96.731569 43.564034, -96.747168 43.563654)",96.7309799194336
1362,22,4,22;15;14;11;4;,67;44;40;31;,"LINESTRING (-96.731241 43.514858, -96.731504 43.529401, -96.751035 43.529306, -96.746841 43.544131, -96.747168 43.563654)",92.06465911865234
1363,22,4,22;15;14;11;12;3;4;,67;44;40;33;35;6;,"LINESTRING (-96.731241 43.514858, -96.731504 43.529401, -96.751035 43.529306, -96.746841 43.544131, -96.780137 43.543941, -96.774303 43.572962, -96.747168 43.563654)",5.490621089935303
1364,22,4,22;21;24;13;12;3;4;,69;66;74;38;35;6;,"LINESTRING (-96.731241 43.514858, -96.730979 43.510485, -96.749200 43.503164, -96.793377 43.490707, -96.780137 43.543941, -96.774303 43.572962, -96.747168 43.563654)",96.23445129394531
1365,22,4,22;20;19;15;10;9;5;4;,68;61;57;43;26;23;11;,"LINESTRING (-96.731241 43.514858, -96.711185 43.515333, -96.711316 43.529591, -96.731504 43.529401, -96.731438 43.545271, -96.731241 43.548596, -96.731569 43.564034, -96.747168 43.563654)",49.02463150024414
1366,22,4,22;23;24;13;12;3;4;,70;73;74;38;35;6;,"LINESTRING (-96.731241 43.514858, -96.750904 43.514858, -96.749200 43.503164, -96.793377 43.490707, -96.780137 43.543941, -96.774303 43.572962, -96.747168 43.563654)",0.0
1367,22,5,22;15;10;9;5;,67;43;26;23;,"LINESTRING (-96.731241 43.514858, -96.731504 43.529401, -96.731438 43.545271, -96.731241 43.548596, -96.731569 43.564034)",20.678770065307617
1368,22,5,22;15;14;11;4;5;,67;44;40;31;9;,"LINESTRING (-96.731241 43.514858, -96.731504 43.529401, -96.751035 43.529306, -96.746841 43.544131, -96.747168 43.563654, -96.731569 43.564034)",24.527433395385742
1369,22,5,22;20;19;15;10;9;5;,68;61;57;43;26;23;,"LINESTRING (-96.731241 43.514858, -96.711185 43.515333, -96.711316 43.529591, -96.731504 43.529401, -96.731438 43.545271, -96.731241 43.548596, -96.731569 43.564034)",42.17011260986328
1370,22,5,22;21;24;13;12;3;4;5;,69;66;74;38;35;6;9;,"LINESTRING (-96.731241 43.514858, -96.730979 43.510485, -96.749200 43.503164, -96.793377 43.490707, -96.780137 43.543941, -96.774303 43.572962, -96.747168 43.563654, -96.731569 43.564034)",82.41329193115234
1371,22,5,22;21;20;18;7;8;6;5;,69;64;60;54;17;19;15;,"LINESTRING (-96.731241 43.514858, -96.730979 43.510485, -96.711185 43.515333, -96.694078 43.546744, -96.693423 43.563844, -96.711382 43.562324, -96.711644 43.587586, -96.731569 43.564034)",61.66402053833008
1372,22,5,22;23;24;13;12;3;4;5;,70;73;74;38;35;6;9;,"LINESTRING (-96.731241 43.514858, -96.750904 43.514858, -96.749200 43.503164, -96.793377 43.490707, -96.780137 43.543941, -96.774303 43.572962, -96.747168 43.563654, -96.731569 43.564034)",0.0
1373,22,6,22;15;10;9;5;6;,67;43;26;23;12;,"LINESTRING (-96.731241 43.514858, -96.731504 43.529401, -96.731438 43.545271, -96.731241 43.548596, -96.731569 43.564034, -96.711644 43.587586)",69.10134887695312
1374,22,6,22;20;18;7;8;6;,68;60;54;17;19;,"LINESTRING (-96.731241 43.514858, -96.711185 43.515333, -96.694078 43.546744, -96.693423 43.563844, -96.711382 43.562324, -96.711644 43.587586)",60.34711837768555
1375,22,6,22;21;20;18;7;8;6;,69;64;60;54;17;19;,"LINESTRING (-96.731241 43.514858, -96.730979 43.510485, -96.711185 43.515333, -96.694078 43.546744, -96.693423 43.563844, -96.711382 43.562324, -96.711644 43.587586)",91.38288116455078
1376,22,6,22;15;19;17;16;8;6;,67;45;58;52;47;19;,"LINESTRING (-96.731241 43.514858, -96.731504 43.529401, -96.711316 43.529591, -96.711382 43.541280, -96.711382 43.546744, -96.711382 43.562324, -96.711644 43.587586)",9.357124328613281
1377,22,6,22;20;19;15;10;9;5;6;,68;61;57;43;26;23;12;,"LINESTRING (-96.731241 43.514858, -96.711185 43.515333, -96.711316 43.529591, -96.731504 43.529401, -96.731438 43.545271, -96.731241 43.548596, -96.731569 43.564034, -96.711644 43.587586)",1.6987626552581787
1378,22,6,22;23;24;13;12;3;4;5;6;,70;73;74;38;35;6;9;12;,"LINESTRING (-96.731241 43.514858, -96.750904 43.514858, -96.749200 43.503164, -96.793377 43.490707, -96.780137 43.543941, -96.774303 43.572962, -96.747168 43.563654, -96.731569 43.564034, -96.711644 43.587586)",0.0
1379,22,7,22;20;18;7;,68;60;54;,"LINESTRING (-96.731241 43.514858, -96.711185 43.515333, -96.694078 43.546744, -96.693423 43.563844)",88.34056854248047
1380,22,7,22;21;20;18;7;,69;64;60;54;,"LINESTRING (-96.731241 43.514858, -96.730979 43.510485, -96.711185 43.515333, -96.694078 43.546744, -96.693423 43.563844)",57.32986831665039
1381,22,7,22;15;19;17;16;18;7;,67;45;58;52;50;54;,"LINESTRING (-96.731241 43.514858, -96.731504 43.529401, -96.711316 43.529591, -96.711382 43.541280, -96.711382 43.546744, -96.694078 43.546744, -96.693423 43.563844)",354.3295593261719
1382,22,8,22;20;18;7;8;,68;60;54;17;,"LINESTRING (-96.731241 43.514858, -96.711185 43.515333, -96.694078 43.546744, -96.693423 43.563844, -96.711382 43.562324)",66.99114990234375
1383,22,8,22;21;20;18;7;8;,69;64;60;54;17;,"LINESTRING (-96.731241 43.514858, -96.730979 43.510485, -96.711185 43.515333, -96.694078 43.546744, -96.693423 43.563844, -96.711382 43.562324)",22.13300323486328
1384,22,8,22;15;19;17;16;8;,67;45;58;52;47;,"LINESTRING (-96.731241 43.514858, -96.731504 43.529401, -96.711316 43.529591, -96.711382 43.541280, -96.711382 43.546744, -96.711382 43.562324)",410.8758544921875
1385,22,9,22;15;10;9;,67;43;26;,"LINESTRING (-96.731241 43.514858, -96.731504 43.529401, -96.731438 43.545271, -96.731241 43.548596)",31.394765853881836
1386,22,9,22;15;14;11;10;9;,67;44;40;32;26;,"LINESTRING (-96.731241 43.514858, -96.731504 43.529401, -96.751035 43.529306, -96.746841 43.544131, -96.731438 43.545271, -96.731241 43.548596)",35.606937408447266
1387,22,9,22;20;19;15;10;9;,68;61;57;43;26;,"LINESTRING (-96.731241 43.514858, -96.711185 43.515333, -96.711316 43.529591, -96.731504 43.529401, -96.731438 43.545271, -96.731241 43.548596)",632.998291015625
1388,22,10,22;15;10;,67;43;,"LINESTRING (-96.731241 43.514858, -96.731504 43.529401, -96.731438 43.545271)",18.179569244384766
1389,22,10,22;15;14;11;10;,67;44;40;32;,"LINESTRING (-96.731241 43.514858, -96.731504 43.529401, -96.751035 43.529306, -96.746841 43.544131, -96.731438 43.545271)",32.489891052246094
1390,22,10,22;20;19;15;10;,68;61;57;43;,"LINESTRING (-96.731241 43.514858, -96.711185 43.515333, -96.711316 43.529591, -96.731504 43.529401, -96.731438 43.545271)",2549.33056640625
1391,22,11,22;15;10;11;,67;43;27;,"LINESTRING (-96.731241 43.514858, -96.731504 43.529401, -96.731438 43.545271, -96.746841 43.544131)",5.6006598472595215
1392,22,11,22;15;14;11;,67;44;40;,"LINESTRING (-96.731241 43.514858, -96.731504 43.529401, -96.751035 43.529306, -96.746841 43.544131)",37.583946228027344
1393,22,11,22;23;14;11;,70;71;40;,"LINESTRING (-96.731241 43.514858, -96.750904 43.514858, -96.751035 43.529306, -96.746841 43.544131)",32.31406021118164
1394,22,11,22;20;19;15;10;9;5;4;11;,68;61;57;43;26;23;11;10;,"LINESTRING (-96.731241 43.514858, -96.711185 43.515333, -96.711316 43.529591, -96.731504 43.529401, -96.731438 43.545271, -96.731241 43.548596, -96.731569 43.564034, -96.747168 43.563654, -96.746841 43.544131)",1024.5013427734375
1395,22,12,22;15;14;11;12;,67;44;40;33;,"LINESTRING (-96.731241 43.514858, -96.731504 43.529401, -96.751035 43.529306, -96.746841 43.544131, -96.780137 43.543941)",28.778104782104492
1396,22,12,22;21;24;13;12;,69;66;74;38;,"LINESTRING (-96.731241 43.514858, -96.730979 43.510485, -96.749200 43.503164, -96.793377 43.490707, -96.780137 43.543941)",61.165321350097656
1397,22,12,22;23;24;13;12;,70;73;74;38;,"LINESTRING (-96.731241 43.514858, -96.750904 43.514858, -96.749200 43.503164, -96.793377 43.490707, -96.780137 43.543941)",610.0565795898438
1398,22,13,22;21;24;13;,69;66;74;,"LINESTRING (-96.731241 43.514858, -96.730979 43.510485, -96.749200 43.503164, -96.793377 43.490707)",16.143802642822266
1399,22,13,22;23;24;13;,70;73;74;,"LINESTRING (-96.731241 43.514858, -96.750904 43.514858, -96.749200 43.503164, -96.793377 43.490707)",41.3883171081543
1400,22,13,22;15;14;11;12;13;,67;44;40;33;37;,"LINESTRING (-96.731241 43.514858, -96.731504 43.529401, -96.751035 43.529306, -96.746841 43.544131, -96.780137 43.543941, -96.793377 43.490707)",1242.4678955078125
1401,22,14,22;15;14;,67;44;,"LINESTRING (-96.731241 43.514858, -96.731504 43.529401, -96.751035 43.529306)",72.97903442382812
1402,22,14,22;23;14;,70;71;,"LINESTRING (-96.731241 43.514858, -96.750904 43.514858, -96.751035 43.529306)",1127.0211181640625
1403,22,15,22;20;19;15;,68;61;57;,"LINESTRING (-96.731241 43.514858, -96.711185 43.515333, -96.711316 43.529591, -96.731504 43.529401)",0.0
1404,22,16,22;20;18;16;,68;60;55;,"LINESTRING (-96.731241 43.514858, -96.711185 43.515333, -96.694078 43.546744, -96.711382 43.546744)",77.02528381347656
1405,22,16,22;15;19;17;16;,67;45;58;52;,"LINESTRING (-96.731241 43.514858, -96.731504 43.529401, -96.711316 43.529591, -96.711382 43.541280, -96.711382 43.546744)",83.50010681152344
1406,22,16,22;21;20;18;16;,69;64;60;55;,"LINESTRING (-96.731241 43.514858, -96.730979 43.510485, -96.711185 43.515333, -96.694078 43.546744, -96.711382 43.546744)",1039.474609375
1407,22,17,22;15;10;17;,67;43;30;,"LINESTRING (-96.731241 43.514858, -96.731504 43.529401, -96.731438 43.545271, -96.711382 43.541280)",38.12717056274414
1408,22,17,22;15;19;17;,67;45;58;,"LINESTRING (-96.731241 43.514858, -96.731504 43.529401, -96.711316 43.529591, -96.711382 43.541280)",56.89308547973633
1409,22,17,22;20;19;15;10;17;,68;61;57;43;30;,"LINESTRING (-96.731241 43.514858, -96.711185 43.515333, -96.711316 43.529591, -96.731504 43.529401, -96.731438 43.545271, -96.711382 43.541280)",1604.979736328125
1410,22,18,22;20;18;,68;60;,"LINESTRING (-96.731241 43.514858, -96.711185 43.515333, -96.694078 43.546744)",25.795242309570312
1411,22,18,22;21;20;18;,69;64;60;,"LINESTRING (-96.731241 43.514858, -96.730979 43.510485, -96.711185 43.515333, -96.694078 43.546744)",96.62036895751953
1412,22,18,22;15;19;17;16;18;,67;45;58;52;50;,"LINESTRING (-96.731241 43.514858, -96.731504 43.529401, -96.711316 43.529591, -96.711382 43.541280, -96.711382 43.546744, -96.694078 43.546744)",177.58438110351562
1413,22,19,22;15;19;,67;45;,"LINESTRING (-96.731241 43.514858, -96.731504 43.529401, -96.711316 43.529591)",15.262660026550293
1414,22,19,22;20;19;,68;61;,"LINESTRING (-96.731241 43.514858, -96.711185 43.515333, -96.711316 43.529591)",1184.7373046875
1415,22,20,22;21;20;,69;64;,"LINESTRING (-96.731241 43.514858, -96.730979 43.510485, -96.711185 43.515333)",38.98212814331055
1416,22,20,22;15;19;17;16;18;20;,67;45;58;52;50;56;,"LINESTRING (-96.731241 43.514858, -96.731504 43.529401, -96.711316 43.529591, -96.711382 43.541280, -96.711382 43.546744, -96.694078 43.546744, -96.711185 43.515333)",0.0
1417,22,21,22;20;21;,68;62;,"LINESTRING (-96.731241 43.514858, -96.711185 43.515333, -96.730979 43.510485)",0.0
1418,22,23,22;21;24;23;,69;66;76;,"LINESTRING (-96.731241 43.514858, -96.730979 43.510485, -96.749200 43.503164, -96.750904 43.514858)",0.0
1419,22,24,22;21;24;,69;66;,"LINESTRING (-96.731241 43.514858, -96.730979 43.510485, -96.749200 43.503164)",73.37037658691406
1420,22,24,22;23;24;,70;73;,"LINESTRING (-96.731241 43.514858, -96.750904 43.514858, -96.749200 43.503164)",1026.629638671875
1421,23,1,23;14;11;12;3;1;,71;40;33;35;5;,"LINESTRING (-96.750904 43.514858, -96.751035 43.529306, -96.746841 43.544131, -96.780137 43.543941, -96.774303 43.572962, -96.770420 43.612828)",26.007835388183594
1422,23,1,23;24;13;12;3;1;,73;74;38;35;5;,"LINESTRING (-96.750904 43.514858, -96.749200 43.503164, -96.793377 43.490707, -96.780137 43.543941, -96.774303 43.572962, -96.770420 43.612828)",273.9921569824219
1423,23,3,23;14;11;12;3;,71;40;33;35;,"LINESTRING (-96.750904 43.514858, -96.751035 43.529306, -96.746841 43.544131, -96.780137 43.543941, -96.774303 43.572962)",70.1828842163086
1424,23,3,23;24;13;12;3;,73;74;38;35;,"LINESTRING (-96.750904 43.514858, -96.749200 43.503164, -96.793377 43.490707, -96.780137 43.543941, -96.774303 43.572962)",29.817115783691406
1425,23,4,23;14;11;4;,71;40;31;,"LINESTRING (-96.750904 43.514858, -96.751035 43.529306, -96.746841 43.544131, -96.747168 43.563654)",55.957542419433594
1426,23,4,23;14;11;12;3;4;,71;40;33;35;6;,"LINESTRING (-96.750904 43.514858, -96.751035 43.529306, -96.746841 43.544131, -96.780137 43.543941, -96.774303 43.572962, -96.747168 43.563654)",40.13457489013672
1427,23,4,23;24;13;12;3;4;,73;74;38;35;6;,"LINESTRING (-96.750904 43.514858, -96.749200 43.503164, -96.793377 43.490707, -96.780137 43.543941, -96.774303 43.572962, -96.747168 43.563654)",403.90789794921875
1428,23,5,23;14;11;4;5;,71;40;31;9;,"LINESTRING (-96.750904 43.514858, -96.751035 43.529306, -96.746841 43.544131, -96.747168 43.563654, -96.731569 43.564034)",56.33039093017578
1429,23,5,23;14;11;12;3;4;5;,71;40;33;35;6;9;,"LINESTRING (-96.750904 43.514858, -96.751035 43.529306, -96.746841 43.544131, -96.780137 43.543941, -96.774303 43.572962, -96.747168 43.563654, -96.731569 43.564034)",99.4164810180664
1430,23,5,23;24;13;12;3;4;5;,73;74;38;35;6;9;,"LINESTRING (-96.750904 43.514858, -96.749200 43.503164, -96.793377 43.490707, -96.780137 43.543941, -96.774303 43.572962, -96.747168 43.563654, -96.731569 43.564034)",0.0
1431,23,6,23;14;11;4;5;6;,71;40;31;9;12;,"LINESTRING (-96.750904 43.514858, -96.751035 43.529306, -96.746841 43.544131, -96.747168 43.563654, -96.731569 43.564034, -96.711644 43.587586)",77.517578125
1432,23,6,23;14;11;12;3;1;2;6;,71;40;33;35;5;1;4;,"LINESTRING (-96.750904 43.514858, -96.751035 43.529306, -96.746841 43.544131, -96.780137 43.543941, -96.774303 43.572962, -96.770420 43.612828, -96.711251 43.605813, -96.711644 43.587586)",21.45469856262207
1433,23,6,23;24;13;12;3;1;2;6;,73;74;38;35;5;1;4;,"LINESTRING (-96.750904 43.514858, -96.749200 43.503164, -96.793377 43.490707, -96.780137 43.543941, -96.774303 43.572962, -96.770420 43.612828, -96.711251 43.605813, -96.711644 43.587586)",19.197763442993164
1434,23,6,23;24;13;12;3;4;5;6;,73;74;38;35;6;9;12;,"LINESTRING (-96.750904 43.514858, -96.749200 43.503164, -96.793377 43.490707, -96.780137 43.543941, -96.774303 43.572962, -96.747168 43.563654, -96.731569 43.564034, -96.711644 43.587586)",3.1623752117156982
1435,23,6,23;24;21;20;18;7;8;6;,73;75;64;60;54;17;19;,"LINESTRING (-96.750904 43.514858, -96.749200 43.503164, -96.730979 43.510485, -96.711185 43.515333, -96.694078 43.546744, -96.693423 43.563844, -96.711382 43.562324, -96.711644 43.587586)",0.0
1436,23,7,23;22;20;18;7;,72;68;60;54;,"LINESTRING (-96.750904 43.514858, -96.731241 43.514858, -96.711185 43.515333, -96.694078 43.546744, -96.693423 43.563844)",64.38592529296875
1437,23,7,23;24;21;20;18;7;,73;75;64;60;54;,"LINESTRING (-96.750904 43.514858, -96.749200 43.503164, -96.730979 43.510485, -96.711185 43.515333, -96.694078 43.546744, -96.693423 43.563844)",77.717529296875
1438,23,7,23;14;15;19;17;16;18;7;,71;41;45;58;52;50;54;,"LINESTRING (-96.750904 43.514858, -96.751035 43.529306, -96.731504 43.529401, -96.711316 43.529591, -96.711382 43.541280, -96.711382 43.546744, -96.694078 43.546744, -96.693423 43.563844)",72.50843048095703
1439,23,7,23;22;15;19;17;16;18;7;,72;67;45;58;52;50;54;,"LINESTRING (-96.750904 43.514858, -96.731241 43.514858, -96.731504 43.529401, -96.711316 43.529591, -96.711382 43.541280, -96.711382 43.546744, -96.694078 43.546744, -96.693423 43.563844)",0.0
1440,23,8,23;22;20;18;7;8;,72;68;60;54;17;,"LINESTRING (-96.750904 43.514858, -96.731241 43.514858, -96.711185 43.515333, -96.694078 43.546744, -96.693423 43.563844, -96.711382 43.562324)",9.35844612121582
1441,23,8,23;14;15;19;17;16;8;,71;41;45;58;52;47;,"LINESTRING (-96.750904 43.514858, -96.751035 43.529306, -96.731504 43.529401, -96.711316 43.529591, -96.711382 43.541280, -96.711382 43.546744, -96.711382 43.562324)",67.12367248535156
1442,23,8,23;22;15;19;17;16;8;,72;67;45;58;52;47;,"LINESTRING (-96.750904 43.514858, -96.731241 43.514858, -96.731504 43.529401, -96.711316 43.529591, -96.711382 43.541280, -96.711382 43.546744, -96.711382 43.562324)",99.71785736083984
1443,23,8,23;24;21;20;18;7;8;,73;75;64;60;54;17;,"LINESTRING (-96.750904 43.514858, -96.749200 43.503164, -96.730979 43.510485, -96.711185 43.515333, -96.694078 43.546744, -96.693423 43.563844, -96.711382 43.562324)",123.80001831054688
1444,23,9,23;14;11;10;9;,71;40;32;26;,"LINESTRING (-96.750904 43.514858, -96.751035 43.529306, -96.746841 43.544131, -96.731438 43.545271, -96.731241 43.548596)",0.8657734394073486
1445,23,9,23;14;15;10;9;,71;41;43;26;,"LINESTRING (-96.750904 43.514858, -96.751035 43.529306, -96.731504 43.529401, -96.731438 43.545271, -96.731241 43.548596)",1.557906985282898
1446,23,9,23;22;15;10;9;,72;67;43;26;,"LINESTRING (-96.750904 43.514858, -96.731241 43.514858, -96.731504 43.529401, -96.731438 43.545271, -96.731241 43.548596)",88.49869537353516
1447,23,9,23;24;13;12;3;4;5;9;,73;74;38;35;6;9;13;,"LINESTRING (-96.750904 43.514858, -96.749200 43.503164, -96.793377 43.490707, -96.780137 43.543941, -96.774303 43.572962, -96.747168 43.563654, -96.731569 43.564034, -96.731241 43.548596)",4.144921779632568
1448,23,9,23;22;20;19;15;10;9;,72;68;61;57;43;26;,"LINESTRING (-96.750904 43.514858, -96.731241 43.514858, -96.711185 43.515333, -96.711316 43.529591, -96.731504 43.529401, -96.731438 43.545271, -96.731241 43.548596)",404.93280029296875
1449,23,10,23;14;11;10;,71;40;32;,"LINESTRING (-96.750904 43.514858, -96.751035 43.529306, -96.746841 43.544131, -96.731438 43.545271)",90.68731689453125
1450,23,10,23;14;15;10;,71;41;43;,"LINESTRING (-96.750904 43.514858, -96.751035 43.529306, -96.731504 43.529401, -96.731438 43.545271)",69.42723846435547
1451,23,10,23;22;15;10;,72;67;43;,"LINESTRING (-96.750904 43.514858, -96.731241 43.514858, -96.731504 43.529401, -96.731438 43.545271)",29.275665283203125
1452,23,10,23;22;20;19;15;10;,72;68;61;57;43;,"LINESTRING (-96.750904 43.514858, -96.731241 43.514858, -96.711185 43.515333, -96.711316 43.529591, -96.731504 43.529401, -96.731438 43.545271)",1610.60986328125
1453,23,11,23;14;11;,71;40;,"LINESTRING (-96.750904 43.514858, -96.751035 43.529306, -96.746841 43.544131)",49.10770797729492
1454,23,11,23;24;13;12;3;4;11;,73;74;38;35;6;10;,"LINESTRING (-96.750904 43.514858, -96.749200 43.503164, -96.793377 43.490707, -96.780137 43.543941, -96.774303 43.572962, -96.747168 43.563654, -96.746841 43.544131)",1250.892333984375
1455,23,12,23;14;11;12;,71;40;33;,"LINESTRING (-96.750904 43.514858, -96.751035 43.529306, -96.746841 43.544131, -96.780137 43.543941)",63.88985061645508
1456,23,12,23;24;13;12;,73;74;38;,"LINESTRING (-96.750904 43.514858, -96.749200 43.503164, -96.793377 43.490707, -96.780137 43.543941)",636.1101684570312
1457,23,13,23;24;13;,73;74;,"LINESTRING (-96.750904 43.514858, -96.749200 43.503164, -96.793377 43.490707)",5.187591552734375
1458,23,13,23;14;11;12;13;,71;40;33;37;,"LINESTRING (-96.750904 43.514858, -96.751035 43.529306, -96.746841 43.544131, -96.780137 43.543941, -96.793377 43.490707)",794.8123779296875
1459,23,15,23;14;15;,71;41;,"LINESTRING (-96.750904 43.514858, -96.751035 43.529306, -96.731504 43.529401)",60.98639678955078
1460,23,15,23;22;15;,72;67;,"LINESTRING (-96.750904 43.514858, -96.731241 43.514858, -96.731504 43.529401)",48.80523681640625
1461,23,15,23;22;20;19;15;,72;68;61;57;,"LINESTRING (-96.750904 43.514858, -96.731241 43.514858, -96.711185 43.515333, -96.711316 43.529591, -96.731504 43.529401)",890.2083740234375
1462,23,16,23;22;20;18;16;,72;68;60;55;,"LINESTRING (-96.750904 43.514858, -96.731241 43.514858, -96.711185 43.515333, -96.694078 43.546744, -96.711382 43.546744)",65.34223175048828
1463,23,16,23;14;15;19;17;16;,71;41;45;58;52;,"LINESTRING (-96.750904 43.514858, -96.751035 43.529306, -96.731504 43.529401, -96.711316 43.529591, -96.711382 43.541280, -96.711382 43.546744)",46.80260467529297
1464,23,16,23;22;15;19;17;16;,72;67;45;58;52;,"LINESTRING (-96.750904 43.514858, -96.731241 43.514858, -96.731504 43.529401, -96.711316 43.529591, -96.711382 43.541280, -96.711382 43.546744)",68.52804565429688
1465,23,16,23;24;21;20;18;16;,73;75;64;60;55;,"LINESTRING (-96.750904 43.514858, -96.749200 43.503164, -96.730979 43.510485, -96.711185 43.515333, -96.694078 43.546744, -96.711382 43.546744)",319.3271179199219
1466,23,17,23;14;15;10;17;,71;41;43;30;,"LINESTRING (-96.750904 43.514858, -96.751035 43.529306, -96.731504 43.529401, -96.731438 43.545271, -96.711382 43.541280)",38.53857421875
1467,23,17,23;14;15;19;17;,71;41;45;58;,"LINESTRING (-96.750904 43.514858, -96.751035 43.529306, -96.731504 43.529401, -96.711316 43.529591, -96.711382 43.541280)",13.559374809265137
1468,23,17,23;22;15;19;17;,72;67;45;58;,"LINESTRING (-96.750904 43.514858, -96.731241 43.514858, -96.731504 43.529401, -96.711316 43.529591, -96.711382 43.541280)",50.562095642089844
1469,23,17,23;22;20;19;15;10;17;,72;68;61;57;43;30;,"LINESTRING (-96.750904 43.514858, -96.731241 43.514858, -96.711185 43.515333, -96.711316 43.529591, -96.731504 43.529401, -96.731438 43.545271, -96.711382 43.541280)",497.3399658203125
1470,23,18,23;22;20;18;,72;68;60;,"LINESTRING (-96.750904 43.514858, -96.731241 43.514858, -96.711185 43.515333, -96.694078 43.546744)",26.126237869262695
1471,23,18,23;24;21;20;18;,73;75;64;60;,"LINESTRING (-96.750904 43.514858, -96.749200 43.503164, -96.730979 43.510485, -96.711185 43.515333, -96.694078 43.546744)",3.420222520828247
1472,23,18,23;14;15;19;17;16;18;,71;41;45;58;52;50;,"LINESTRING (-96.750904 43.514858, -96.751035 43.529306, -96.731504 43.529401, -96.711316 43.529591, -96.711382 43.541280, -96.711382 43.546744, -96.694078 43.546744)",54.9724006652832
1473,23,18,23;22;15;19;17;16;18;,72;67;45;58;52;50;,"LINESTRING (-96.750904 43.514858, -96.731241 43.514858, -96.731504 43.529401, -96.711316 43.529591, -96.711382 43.541280, -96.711382 43.546744, -96.694078 43.546744)",15.48114013671875
1474,23,19,23;14;15;19;,71;41;45;,"LINESTRING (-96.750904 43.514858, -96.751035 43.529306, -96.731504 43.529401, -96.711316 43.529591)",49.20072937011719
1475,23,19,23;22;15;19;,72;67;45;,"LINESTRING (-96.750904 43.514858, -96.731241 43.514858, -96.731504 43.529401, -96.711316 43.529591)",21.190570831298828
1476,23,19,23;22;20;19;,72;68;61;,"LINESTRING (-96.750904 43.514858, -96.731241 43.514858, -96.711185 43.515333, -96.711316 43.529591)",229.60870361328125
1477,23,20,23;22;20;,72;68;,"LINESTRING (-96.750904 43.514858, -96.731241 43.514858, -96.711185 43.515333)",91.09648132324219
1478,23,20,23;24;21;20;,73;75;64;,"LINESTRING (-96.750904 43.514858, -96.749200 43.503164, -96.730979 43.510485, -96.711185 43.515333)",608.9035034179688
1479,23,21,23;24;21;,73;75;,"LINESTRING (-96.750904 43.514858, -96.749200 43.503164, -96.730979 43.510485)",78.88601684570312
1480,23,21,23;22;20;21;,72;68;62;,"LINESTRING (-96.750904 43.514858, -96.731241 43.514858, -96.711185 43.515333, -96.730979 43.510485)",621.114013671875
1481,23,22,23;24;21;22;,73;75;65;,"LINESTRING (-96.750904 43.514858, -96.749200 43.503164, -96.730979 43.510485, -96.731241 43.514858)",0.0
1482,24,1,24;13;12;3;1;,74;38;35;5;,"LINESTRING (-96.749200 43.503164, -96.793377 43.490707, -96.780137 43.543941, -96.774303 43.572962, -96.770420 43.612828)",94.97003936767578
1483,24,1,24;23;14;11;12;3;1;,76;71;40;33;35;5;,"LINESTRING (-96.749200 43.503164, -96.750904 43.514858, -96.751035 43.529306, -96.746841 43.544131, -96.780137 43.543941, -96.774303 43.572962, -96.770420 43.612828)",5.029960632324219
1484,24,4,24;13;12;3;4;,74;38;35;6;,"LINESTRING (-96.749200 43.503164, -96.793377 43.490707, -96.780137 43.543941, -96.774303 43.572962, -96.747168 43.563654)",27.915742874145508
1485,24,4,24;23;14;11;12;3;4;,76;71;40;33;35;6;,"LINESTRING (-96.749200 43.503164, -96.750904 43.514858, -96.751035 43.529306, -96.746841 43.544131, -96.780137 43.543941, -96.774303 43.572962, -96.747168 43.563654)",172.08425903320312
1486,24,6,24;13;12;3;1;2;6;,74;38;35;5;1;4;,"LINESTRING (-96.749200 43.503164, -96.793377 43.490707, -96.780137 43.543941, -96.774303 43.572962, -96.770420 43.612828, -96.711251 43.605813, -96.711644 43.587586)",30.193193435668945
1487,24,6,24;13;12;3;4;5;6;,74;38;35;6;9;12;,"LINESTRING (-96.749200 43.503164, -96.793377 43.490707, -96.780137 43.543941, -96.774303 43.572962, -96.747168 43.563654, -96.731569 43.564034, -96.711644 43.587586)",51.49799346923828
1488,24,6,24;21;20;18;7;8;6;,75;64;60;54;17;19;,"LINESTRING (-96.749200 43.503164, -96.730979 43.510485, -96.711185 43.515333, -96.694078 43.546744, -96.693423 43.563844, -96.711382 43.562324, -96.711644 43.587586)",18.308815002441406
1489,24,7,24;21;20;18;7;,75;64;60;54;,"LINESTRING (-96.749200 43.503164, -96.730979 43.510485, -96.711185 43.515333, -96.694078 43.546744, -96.693423 43.563844)",98.12874603271484
1490,24,7,24;23;22;20;18;7;,76;72;68;60;54;,"LINESTRING (-96.749200 43.503164, -96.750904 43.514858, -96.731241 43.514858, -96.711185 43.515333, -96.694078 43.546744, -96.693423 43.563844)",27.22675323486328
1491,24,7,24;23;22;15;19;17;16;18;7;,76;72;67;45;58;52;50;54;,"LINESTRING (-96.749200 43.503164, -96.750904 43.514858, -96.731241 43.514858, -96.731504 43.529401, -96.711316 43.529591, -96.711382 43.541280, -96.711382 43.546744, -96.694078 43.546744, -96.693423 43.563844)",0.0
1492,24,8,24;13;12;3;1;2;6;8;,74;38;35;5;1;4;16;,"LINESTRING (-96.749200 43.503164, -96.793377 43.490707, -96.780137 43.543941, -96.774303 43.572962, -96.770420 43.612828, -96.711251 43.605813, -96.711644 43.587586, -96.711382 43.562324)",2.9278981685638428
1493,24,8,24;13;12;3;4;5;6;8;,74;38;35;6;9;12;16;,"LINESTRING (-96.749200 43.503164, -96.793377 43.490707, -96.780137 43.543941, -96.774303 43.572962, -96.747168 43.563654, -96.731569 43.564034, -96.711644 43.587586, -96.711382 43.562324)",34.10435104370117
1494,24,8,24;21;20;18;7;8;,75;64;60;54;17;,"LINESTRING (-96.749200 43.503164, -96.730979 43.510485, -96.711185 43.515333, -96.694078 43.546744, -96.693423 43.563844, -96.711382 43.562324)",94.14726257324219
1495,24,8,24;23;22;20;18;7;8;,76;72;68;60;54;17;,"LINESTRING (-96.749200 43.503164, -96.750904 43.514858, -96.731241 43.514858, -96.711185 43.515333, -96.694078 43.546744, -96.693423 43.563844, -96.711382 43.562324)",68.82049560546875
1496,24,9,24;13;12;3;4;5;9;,74;38;35;6;9;13;,"LINESTRING (-96.749200 43.503164, -96.793377 43.490707, -96.780137 43.543941, -96.774303 43.572962, -96.747168 43.563654, -96.731569 43.564034, -96.731241 43.548596)",2.3775389194488525
1497,24,9,24;23;14;11;10;9;,76;71;40;32;26;,"LINESTRING (-96.749200 43.503164, -96.750904 43.514858, -96.751035 43.529306, -96.746841 43.544131, -96.731438 43.545271, -96.731241 43.548596)",29.71407699584961
1498,24,9,24;21;22;15;10;9;,75;65;67;43;26;,"LINESTRING (-96.749200 43.503164, -96.730979 43.510485, -96.731241 43.514858, -96.731504 43.529401, -96.731438 43.545271, -96.731241 43.548596)",34.0735969543457
1499,24,9,24;23;22;20;19;15;10;9;,76;72;68;61;57;43;26;,"LINESTRING (-96.749200 43.503164, -96.750904 43.514858, -96.731241 43.514858, -96.711185 43.515333, -96.711316 43.529591, -96.731504 43.529401, -96.731438 43.545271, -96.731241 43.548596)",133.83477783203125
1500,24,10,24;13;12;3;4;5;9;10;,74;38;35;6;9;13;25;,"LINESTRING (-96.749200 43.503164, -96.793377 43.490707, -96.780137 43.543941, -96.774303 43.572962, -96.747168 43.563654, -96.731569 43.564034, -96.731241 43.548596, -96.731438 43.545271)",56.10700607299805
1501,24,10,24;23;14;11;10;,76;71;40;32;,"LINESTRING (-96.749200 43.503164, -96.750904 43.514858, -96.751035 43.529306, -96.746841 43.544131, -96.731438 43.545271)",86.57489776611328
1502,24,10,24;23;14;15;10;,76;71;41;43;,"LINESTRING (-96.749200 43.503164, -96.750904 43.514858, -96.751035 43.529306, -96.731504 43.529401, -96.731438 43.545271)",56.47934341430664
1503,24,10,24;21;22;15;10;,75;65;67;43;,"LINESTRING (-96.749200 43.503164, -96.730979 43.510485, -96.731241 43.514858, -96.731504 43.529401, -96.731438 43.545271)",17.149621963500977
1504,24,10,24;23;22;15;10;,76;72;67;43;,"LINESTRING (-96.749200 43.503164, -96.750904 43.514858, -96.731241 43.514858, -96.731504 43.529401, -96.731438 43.545271)",40.74544906616211
1505,24,10,24;23;22;20;19;15;10;,76;72;68;61;57;43;,"LINESTRING (-96.749200 43.503164, -96.750904 43.514858, -96.731241 43.514858, -96.711185 43.515333, -96.711316 43.529591, -96.731504 43.529401, -96.731438 43.545271)",542.9437255859375
1506,24,11,24;13;12;11;,74;38;36;,"LINESTRING (-96.749200 43.503164, -96.793377 43.490707, -96.780137 43.543941, -96.746841 43.544131)",95.62165832519531
1507,24,11,24;13;12;3;4;11;,74;38;35;6;10;,"LINESTRING (-96.749200 43.503164, -96.793377 43.490707, -96.780137 43.543941, -96.774303 43.572962, -96.747168 43.563654, -96.746841 43.544131)",2.870431900024414
1508,24,11,24;23;14;11;,76;71;40;,"LINESTRING (-96.749200 43.503164, -96.750904 43.514858, -96.751035 43.529306, -96.746841 43.544131)",501.5079040527344
1509,24,12,24;13;12;,74;38;,"LINESTRING (-96.749200 43.503164, -96.793377 43.490707, -96.780137 43.543941)",13.701987266540527
1510,24,12,24;23;14;11;12;,76;71;40;33;,"LINESTRING (-96.749200 43.503164, -96.750904 43.514858, -96.751035 43.529306, -96.746841 43.544131, -96.780137 43.543941)",486.2980041503906
1511,24,14,24;23;14;,76;71;,"LINESTRING (-96.749200 43.503164, -96.750904 43.514858, -96.751035 43.529306)",400.0
1512,24,15,24;23;14;15;,76;71;41;,"LINESTRING (-96.749200 43.503164, -96.750904 43.514858, -96.751035 43.529306, -96.731504 43.529401)",88.97683715820312
1513,24,15,24;21;22;15;,75;65;67;,"LINESTRING (-96.749200 43.503164, -96.730979 43.510485, -96.731241 43.514858, -96.731504 43.529401)",90.26313018798828
1514,24,15,24;23;22;15;,76;72;67;,"LINESTRING (-96.749200 43.503164, -96.750904 43.514858, -96.731241 43.514858, -96.731504 43.529401)",15.182087898254395
1515,24,15,24;23;22;20;19;15;,76;72;68;61;57;,"LINESTRING (-96.749200 43.503164, -96.750904 43.514858, -96.731241 43.514858, -96.711185 43.515333, -96.711316 43.529591, -96.731504 43.529401)",205.5779571533203
1516,24,16,24;21;20;18;16;,75;64;60;55;,"LINESTRING (-96.749200 43.503164, -96.730979 43.510485, -96.711185 43.515333, -96.694078 43.546744, -96.711382 43.546744)",77.4940414428711
1517,24,16,24;23;22;20;18;16;,76;72;68;60;55;,"LINESTRING (-96.749200 43.503164, -96.750904 43.514858, -96.731241 43.514858, -96.711185 43.515333, -96.694078 43.546744, -96.711382 43.546744)",43.56083679199219
1518,24,16,24;21;22;15;19;17;16;,75;65;67;45;58;52;,"LINESTRING (-96.749200 43.503164, -96.730979 43.510485, -96.731241 43.514858, -96.731504 43.529401, -96.711316 43.529591, -96.711382 43.541280, -96.711382 43.546744)",25.08496856689453
1519,24,16,24;23;22;15;19;17;16;,76;72;67;45;58;52;,"LINESTRING (-96.749200 43.503164, -96.750904 43.514858, -96.731241 43.514858, -96.731504 43.529401, -96.711316 43.529591, -96.711382 43.541280, -96.711382 43.546744)",153.8601531982422
1520,24,17,24;21;20;19;17;,75;64;61;58;,"LINESTRING (-96.749200 43.503164, -96.730979 43.510485, -96.711185 43.515333, -96.711316 43.529591, -96.711382 43.541280)",53.62141799926758
1521,24,17,24;21;22;15;10;17;,75;65;67;43;30;,"LINESTRING (-96.749200 43.503164, -96.730979 43.510485, -96.731241 43.514858, -96.731504 43.529401, -96.731438 43.545271, -96.711382 43.541280)",70.01119995117188
1522,24,17,24;23;14;15;19;17;,76;71;41;45;58;,"LINESTRING (-96.749200 43.503164, -96.750904 43.514858, -96.751035 43.529306, -96.731504 43.529401, -96.711316 43.529591, -96.711382 43.541280)",65.07933807373047
1523,24,17,24;21;20;18;16;17;,75;64;60;55;49;,"LINESTRING (-96.749200 43.503164, -96.730979 43.510485, -96.711185 43.515333, -96.694078 43.546744, -96.711382 43.546744, -96.711382 43.541280)",65.06124114990234
1524,24,17,24;21;22;15;19;17;,75;65;67;45;58;,"LINESTRING (-96.749200 43.503164, -96.730979 43.510485, -96.731241 43.514858, -96.731504 43.529401, -96.711316 43.529591, -96.711382 43.541280)",10.3018798828125
1525,24,17,24;23;22;15;19;17;,76;72;67;45;58;,"LINESTRING (-96.749200 43.503164, -96.750904 43.514858, -96.731241 43.514858, -96.731504 43.529401, -96.711316 43.529591, -96.711382 43.541280)",94.85071563720703
1526,24,17,24;23;22;20;19;15;10;17;,76;72;68;61;57;43;30;,"LINESTRING (-96.749200 43.503164, -96.750904 43.514858, -96.731241 43.514858, -96.711185 43.515333, -96.711316 43.529591, -96.731504 43.529401, -96.731438 43.545271, -96.711382 43.541280)",0.0
1527,24,19,24;21;20;19;,75;64;61;,"LINESTRING (-96.749200 43.503164, -96.730979 43.510485, -96.711185 43.515333, -96.711316 43.529591)",41.10221862792969
1528,24,19,24;23;14;15;19;,76;71;41;45;,"LINESTRING (-96.749200 43.503164, -96.750904 43.514858, -96.751035 43.529306, -96.731504 43.529401, -96.711316 43.529591)",46.99524688720703
1529,24,19,24;21;22;15;19;,75;65;67;45;,"LINESTRING (-96.749200 43.503164, -96.730979 43.510485, -96.731241 43.514858, -96.731504 43.529401, -96.711316 43.529591)",62.60847091674805
1530,24,19,24;23;22;15;19;,76;72;67;45;,"LINESTRING (-96.749200 43.503164, -96.750904 43.514858, -96.731241 43.514858, -96.731504 43.529401, -96.711316 43.529591)",77.10646057128906
1531,24,19,24;23;22;20;19;,76;72;68;61;,"LINESTRING (-96.749200 43.503164, -96.750904 43.514858, -96.731241 43.514858, -96.711185 43.515333, -96.711316 43.529591)",0.0
1532,24,20,24;21;20;,75;64;,"LINESTRING (-96.749200 43.503164, -96.730979 43.510485, -96.711185 43.515333)",49.197471618652344
1533,24,20,24;23;22;20;,76;72;68;,"LINESTRING (-96.749200 43.503164, -96.750904 43.514858, -96.731241 43.514858, -96.711185 43.515333)",350.8025207519531
1534,24,21,24;23;22;20;21;,76;72;68;62;,"LINESTRING (-96.749200 43.503164, -96.750904 43.514858, -96.731241 43.514858, -96.711185 43.515333, -96.730979 43.510485)",0.0
1535,24,22,24;21;22;,75;65;,"LINESTRING (-96.749200 43.503164, -96.730979 43.510485, -96.731241 43.514858)",82.93186950683594
1536,24,22,24;23;22;,76;72;,"LINESTRING (-96.749200 43.503164, -96.750904 43.514858, -96.731241 43.514858)",1017.068115234375
